FTIR,Vehicle Registartion date ,Model,Subject (English),Mileage - Using Time,FTIR Report Date,Date of Incident
FTIR-10000,31-Jan-24,GRAND,vehicle reported at workshop for wireless charges not working,57060,3/11/2025,3/10/2025
FTIR-10019,28-Dec-20,SWIFT,WARNING LIGHT IS GLOWNING DUE TO CONTROLLER ASSY BODY ELEC NOT WORKING,27258,2/24/2025,2/24/2025
FTIR-10020,13-Aug-20,XL6,engine not starting Defective part is MGU assy,41912,3/15/2025,3/15/2025
FTIR-10057,27-Sep-20,ERTIGA,VEHICLE NOT STARTING,28469,3/4/2025,3/4/2025
FTIR-10066,19-Mar-21,VITARA,Customer complaint turn indicators switch on time front both side headlight indicator not working and sdt connected No dtc code found and BCM assy is deffective,29417,3/6/2025,3/6/2025
FTIR-10074,11-Jul-24,S-PRESSO,vehicle suddelnly runing stop not restart after checking checked vehicle found that MIL light A off light immobilizer light not glowing after ignition switch on due to ecm assy defective,5468,2/16/2025,2/16/2025
FTIR-10105,14-Sep-22,BALENO,REVERS CAMERA NOT WORKING DUE TO 360 CAMERA SYSTEM NOT WORKING CONTROLLER ASSY CAMER FAULTY,39217,4/25/2025,4/24/2025
FTIR-10113,16-May-24,SWIFT,in running condition mal function light glowing and ac not working due to internally ECM defetive,21365,3/21/2025,3/21/2025
FTIR-10115,30-Dec-22,CELERIO,WARNING LIGHT GLOWING BLINKING AIR BAG LIGHT ON DTC FOUND FOUND B100304 SDM INTERNAL FAILURE SDM CONTROLLER NOT WORKING B106414 DRIVER SIDE BELT PRETENSIONER CIRCUIT SHORTED TO GROUND FOUND HISTORY SDM CONTROLLER ASSY REPL,6288,2/11/2025,2/11/2025
FTIR-10152,26-Oct-21,ERTIGA,Vehicle not starting after parking for three days due to the defect of MGU ASS,10143,2/19/2025,2/19/2025
FTIR-10155,27-Feb-24,ERTIGA,STEERING LOCK NOT WORKING,20387,4/5/2025,4/4/2025
FTIR-10157,31-Mar-25,EECO,ENGINE NOT STARTING,123,4/15/2025,4/15/2025
FTIR-10168,19-Aug-22,BALENO,DCM IS NOT WORKING,9763,3/18/2025,3/18/2025
FTIR-10187,30-Aug-22,BALENO,GLANZA (K12N24R) AUDIO SYSTEM NOT WORKING PROPERLY WHILE OPERATING AND SYSTEM GETTING OPERATED AUTOMATICALLY,52288,3/19/2025,2/6/2025
FTIR-10211,,GRAND,ENGINE NOT STARTING,1,3/5/2025,3/5/2025
FTIR-10259,44452,VITARA,DTC CODE SHOWING ECM RELATED ISSUE STARING TROUBLE IN CAR NEW ECM REPLACE CAR FOUND OK,63750,3/1/2025,3/1/2025
FTIR-10264,8-Oct-22,WAGONR,stereo touch not working due to internal failure,21925,2/26/2025,2/18/2025
FTIR-10294,30-Sep-22,CIAZ,Engine not starting in some time battery getting discharge after running time we check current leakage not found but DTC is found P1A0B00 MGU replaced MSIL guideline,56905,3/3/2025,3/3/2025
FTIR-10304,20-Sep-24,GRAND,"URBAN CRUISER HYRYDER (FGB329M) WIRELESS CHARGER NOT WORKING DUE TO DEFECTIVECRADLE ASSY, MOBILE WIRELESS CHARGER.",3093,4/3/2025,3/11/2025
FTIR-10309,25-Mar-21,BALENO,Steering is hard with glowing of ABS MIL BRAKE SYSTEM and POWER STEERING warning light due to defective of ABS actuator assy,32814,4/23/2025,4/23/2025
FTIR-10332,28-May-23,BALENO,CAMERA NOT WORKING DUE TO DEFECTIVE CONTROLLER ASSY CAMERA,43157,4/17/2025,4/17/2025
FTIR-10365,31-May-22,XL6,Camera Not Working Due To Controller Assy Camera Found Defective,25627,4/18/2025,4/18/2025
FTIR-10378,27-May-23,SWIFT,Steering hard to operate and found esp light steering light abs light hand brake light glows on cluster meter when vehicle is started due to some internal defect in actuator assy esp,37155,3/3/2025,3/3/2025
FTIR-10392,31-Jul-24,XL6,Lithiumionbateery failure due to water entry inside Found DTC in current is P1B9000 P1B9200 P1BB200 and in history is P0A7D00 P1BB000 P1BA100,12855,4/11/2025,4/11/2025
FTIR-10401,26-Jun-23,BALENO,WARNING LIGHT GLOWING ABSESP STEERING GETTING HARD DTC CODE APPEAR DUE TO ABS ACTUATOR NOT RESPONDING PROPERLY,24028,4/18/2025,4/18/2025
FTIR-10429,26-Dec-20,VITARA,Vehicle received with the complaint of vehicle not starting intermediately and battery getting discharged due to defect of MGU assy,14914,2/19/2025,2/19/2025
FTIR-10436,8-Dec-21,XL6,Infotainment system not working Fuse blown off automatically,18222,3/21/2025,3/21/2025
FTIR-10440,10-Sep-21,XL6,engine not starting and mil light glowing,80450,4/16/2025,4/16/2025
FTIR-10456,0,JIMNY,VEHICLE NOT STARTING BATTERY ISSUE,138,2/27/2025,2/27/2025
FTIR-10478,14-Aug-24,GRAND,wireless charger some time error due to wireless charger not working,10764,3/13/2025,3/13/2025
FTIR-10492,22-Jul-24,BREZZA,Wireless charger is not working and vehicle data is not available,14777,2/13/2025,2/13/2025
FTIR-10497,15-Oct-22,ERTIGA,HEATER NOT WORKING AND HVAC CONTROL UNIT FAULTY,34641,4/14/2025,4/14/2025
FTIR-10500,16-Jul-24,BREZZA,POOR ACCELERATION AFTER BRAKE USING AND DEACCELERATION TIME VEHICLE NOT TAKE PICK UP DUE TO FOUND EPI CONTROLLER ASSY AND OTHER PARTS DEFECTIVE,3531,4/3/2025,4/3/2025
FTIR-10532,21-Mar-23,BREZZA,Auto off warning light blinking continusely in cluster meter and auto stop function not working due lithium ion battery defective,57939,2/19/2025,2/19/2025
FTIR-10592,,IGNIS,VEHICLE NOT STARTING DUE TO BATTERY DOWN,14,3/11/2025,3/11/2025
FTIR-10601,29-Sep-20,XL6,WARNING LIGHT GLOW AND A STOP LIGHT HLOWING IN METER CHECK FOUND LITHIUM ION BATTERY FAULTY,48061,3/12/2025,3/12/2025
FTIR-10603,24-Oct-24,BREZZA,WIRELESS CHARGER NOT WORKING,6065,4/14/2025,4/14/2025
FTIR-10604,20-Jan-22,XL6,THE VEHICLE IS NOT STARTING WHEN UNUSED FOR 3 TO 4 DAYS DUE TO MGU ASSY,21736,3/3/2025,3/3/2025
FTIR-10624,31-Oct-24,XL6,VEHICLE NOT STARTING,11075,3/17/2025,3/17/2025
FTIR-10629,16-May-23,ALTO,WARNING LIGHT GLOWING BLINKI ABS LIGHT HAND BRAKE LIGHT GLOWING CLUSTER METER ACTUATOR ASSYABS DEFFICTIVE,17925,3/11/2025,3/11/2025
FTIR-10642,44930,XL6,engine not starting,23516,4/1/2025,3/31/2025
FTIR-10659,44580,XL6,vehicle not starting if kept idle for 34days on diagnosing found current leak fro mgu,10350,3/8/2025,2/21/2025
FTIR-10666,22-May-23,ALTO,vehicle not starting,21679,4/27/2025,4/27/2025
FTIR-10678,21-Dec-18,CIAZ,Vehicle not starting after parking for three days due to the defect of MGU unit,50830,3/7/2025,3/7/2025
FTIR-10710,26-Aug-24,ERTIGA,ENGINE NOT STARTING SOMETIME,21985,3/18/2025,3/17/2025
FTIR-10735,30-May-24,GRAND,APQ415-CONTROLLER ASSY CAMERA FAILURE-REAR VIEW CAMERA NOT WORKING-MA3TYKJ1S00101070-24L1356,2667,2/22/2025,11/29/2024
FTIR-10740,18-Feb-21,VITARA,Reverse alarm not working is due to defect of controller assy park SNSR,35719,4/1/2025,4/1/2025
FTIR-10744,28-Feb-25,SUPER CARRY ,KEY WARNING LIGHT GLOWING CONTIUOUSLY DUE TO STEERING LOCK SET DEFECTIVE,8,3/1/2025,3/1/2025
FTIR-10771,23-Dec-23,XL6,MGU ASSY WAS NOT WORKING PROPERLY,20280,3/18/2025,3/18/2025
FTIR-10776,26-Jun-24,FRONX,CAMERA NOT WORKING,6970,2/1/2025,1/31/2025
FTIR-10797,16-Jul-21,S-PRESSO,VEHICLE NOT STARTING AFTER SOME DAYS OF PARKING PROBLEM WITH MGU ASSY,58825,2/19/2025,2/19/2025
FTIR-10808,25-Jan-21,SWIFT,ABS MODULE COMPLAINTWARNING LIGHT BLINKINGPOWER STEERING NOT WORKING,27960,2/15/2025,2/15/2025
FTIR-10810,28-Oct-22,ERTIGA,ENGINE NOT STARTING ISSUE,52560,3/4/2025,3/4/2025
FTIR-10832,44431,S-PRESSO,BATTERY GETTING DISCHARGED AND ENGINE NOT STARTING DUE TO DEFECTIVE MGU ASSY,9738,2/19/2025,2/19/2025
FTIR-10847,6-Jan-24,ERTIGA,ENGINE NOT STARTING PROBLEM AND A OFF LIGHT CONTINOUSLY BLINKING,20744,2/12/2025,2/12/2025
FTIR-10852,27-Jun-24,SWIFT,VEHICLE NOT STARTING DUE TO TATA GREEN BATTERY DEFECT,3873,3/20/2025,3/19/2025
FTIR-10854,30-Jan-19,CIAZ,THE VEHICLE IS NOT STARTING IF UNUSED FOR 3 TO 4 DAYS DUE TO MGU ASSY,18614,3/8/2025,3/8/2025
FTIR-10868,44767,BREZZA,wireless charger due to wireless charger not working,32338,3/20/2025,3/20/2025
FTIR-10870,30-Nov-23,BREZZA,RADIATOR FAN NOT WORKING THERMOSTAT VALVE BAND ECM NG ECM NEED TO BE CHANGE,20987,4/25/2025,4/25/2025
FTIR-10872,7-Feb-20,ERTIGA,Vehicle not starting and battery getting discharged due to defective MGU assy,37389,4/10/2025,4/10/2025
FTIR-10914,13-Jan-23,GRAND,CLARION STEREO NOT WORKINGTOUCH NOT WORKING BLUETOOTH FUNCTIONSDEFECT OCCURES,11393,2/6/2025,2/6/2025
FTIR-10922,28-Aug-24,BREZZA,ENGINE NOT STARTING DUE TO BATTERY DEFECTIVE,21949,4/14/2025,4/14/2025
FTIR-10930,29-Aug-23,BREZZA,engine not starting and defect in battery,18899,2/5/2025,2/4/2025
FTIR-10944,30-Jan-24,CELERIO,steering hard and ABS MIL handbrake and power steering warning light glowing continuouslydue to defrctive ABS actuator unit,9971,2/20/2025,2/20/2025
FTIR-10953,27-Oct-23,SWIFT,DOORS OPENING WARNING LIGHT GLOWING IN CLUSTER METER DUE TO CONTROLLER ASSY BODY ELEC NOT WORKING PROPERLY,52988,3/19/2025,3/19/2025
FTIR-10956,17-Aug-22,BALENO,360 degree camera not working need to replace Controller Assy Camera,28163,2/4/2025,2/4/2025
FTIR-10967,29-Jun-21,ERTIGA,MGU proper not working,7576,4/9/2025,4/9/2025
FTIR-10969,30-Oct-24,BREZZA,SUZUKI CONNECT NOT WORKING DUE TO DCM DEFECTIVE,1577,2/5/2025,2/5/2025
FTIR-10978,29-Mar-22,BALENO,ADM LIGHT GLOWING ON CLUSTER METER AND REAR PARKING CAMERA NOT WORKING WITH PARKING LIGHT ALSO NOT WORK,94150,3/7/2025,3/7/2025
FTIR-10987,12-Oct-20,XL6,ENGINE NOT STARTING WHEN VEHICLE PARKED FOR 4 OR MORE DAYS MGU ASSY TO BE DEFECTIVE,30710,4/9/2025,4/9/2025
FTIR-11013,28-Feb-22,S-PRESSO,ENGINE NOT STARTING,6793,4/8/2025,4/8/2025
FTIR-11054,6-Jul-21,VITARA,In running condition while in reverse alarm is not working and all time warning light is glowing due to CONTROLLER ASSY PARK SNSR is defective,47650,4/14/2025,4/14/2025
FTIR-11063,26-Feb-19,ERTIGA,ENGINE NOT STARTING AND BATTERY GETTING DISCHARGE DUE TO DIFECTIVE OF MGU ASSY,60304,3/8/2025,3/8/2025
FTIR-11069,25-Aug-22,BALENO,REVERSE AND 360 DEGREE CAMERA NOT WORKING DUE TO DEFECTIVE CONTROLLER ASSY CAMERA,37797,3/3/2025,3/3/2025
FTIR-11072,29-Mar-21,XL6,vehicle not starting batery geting discharged MGUnit need to replace,13661,2/27/2025,2/27/2025
FTIR-11076,22-Jan-21,ERTIGA,Battery Getting Discharged After 10 Day's Vehicle Stope,1352,4/5/2025,4/5/2025
FTIR-11079,13-Aug-19,ERTIGA,ENGINE NOT STARTING AND BATTERY GETTING DISCHARGED DUE TO THE DEFECT OF MGU ASSY,18269,2/24/2025,2/24/2025
FTIR-11095,9-Feb-23,GRAND,THE VEHICLE REPORTED FOR A OFF SYSTEM NOT WORKING A OFF WARNING LIGHT GLOWING CONTINUOSALY ON CLUSTER METER WE HAVE CONNECTED SDT FOUND DTCP1B9000 P1BA300 P1B0000 IN CURRENT DIAGNOSED FOUND LIION BATTERY IS DEFECTIVEWE R,19550,2/13/2025,2/13/2025
FTIR-11103,31-Jul-24,BALENO,ENGINE NOT STARTING DUE TO BATTERY GETTING DISCHARGED,3638,3/25/2025,3/25/2025
FTIR-11104,16-Dec-22,BALENO,infotainment system touch not working programs automatically changed,54422,3/17/2025,3/17/2025
FTIR-11107,18-Feb-21,VITARA,INDICATOR NOT WORKING DUE TO THE DEFECT OF CONTROLLER ASSY BODY ELEC,12565,4/26/2025,4/24/2025
FTIR-11137,16-Jun-22,BALENO,360 VIEW CAMERA NOT WORKING,85433,4/26/2025,4/26/2025
FTIR-11171,9-Nov-23,SWIFT,We checked and confirmed the radiator fan is still running Checked with SDT and found DTC codes P0116 and C1091 are related to the ECM and radiator fan so needs to be replaced,63402,2/12/2025,2/10/2025
FTIR-11197,44524,VITARA,Customer complaint turn indicators switch on time front both side headlight indicator not working and sdt connectedNo dtc code found and BCM assy is deffective,19760,2/18/2025,1/20/2025
FTIR-11198,25-Aug-23,ERTIGA,Battery getting discharged and vehicle not starting problem and ASTOP light continuously blinking on cluster meter due to lithium ion battery for water entry lithium ion battery found that internal circuit shorted lihtium i,43061,4/1/2025,4/1/2025
FTIR-11202,27-Jan-22,S-PRESSO,Vehicle not starting sub battery getting drained due to MGU internal failure,25552,4/7/2025,4/7/2025
FTIR-11203,13-Jul-23,XL6,engine not starting due battery getting discharged,21916,4/26/2025,4/26/2025
FTIR-11214,22-Jan-20,BALENO,reverse camera not working intermitenllyblue screen showing in stereo,55321,3/1/2025,2/28/2025
FTIR-11228,29-Nov-23,ERTIGA,vehicle not starting and clster light not working,12650,3/6/2025,3/6/2025
FTIR-11247,8-Jul-20,ALTO,reverse alarm not working due to defective controller assy park,70666,2/25/2025,2/25/2025
FTIR-11256,30-Apr-19,ERTIGA,The AUTO STOP warning lamp Glowing and Battery getting dischargedd condition due to defective of motor generator assy MGU Internal faulty condition,16063,2/24/2025,2/24/2025
FTIR-11259,25-Aug-23,GRAND,360 degree Camera not working due to Camera control module defective,18488,4/24/2025,4/24/2025
FTIR-11275,17-Oct-23,ERTIGA,A OFF light glowing and engine not starting we have check and found pack assy battery defective,21407,4/11/2025,4/11/2025
FTIR-11278,14-May-21,SWIFT,CUSTOMER CONCERN INDICATION BEEP NOT WORKING AND WORKSHOP OBSERVED SPEEDOMETER INTERNAL FAILURE,43473,4/22/2025,4/22/2025
FTIR-11306,44824,BALENO,Touch screen not working or not responding and touch screen automatically changing without any touching is due to the defect of sterio,28797,3/27/2025,3/27/2025
FTIR-11324,44271,ERTIGA,battery getting discharge intermittently is due to the compaint of MGUASSY,15823,3/6/2025,3/6/2025
FTIR-11326,9-Mar-20,ERTIGA,Customer found vehicle not starting and the battery gets discharged due to defective MGU assy,52496,3/13/2025,2/19/2025
FTIR-11367,30-Aug-19,ERTIGA,Vehicle received with the complaint of vehicle not starting intermediately and battery getting discharged due to defect of MGU assy,11568,2/22/2025,2/22/2025
FTIR-11374,44643,ALTO,REVERSE ALARM NOT WORKING PROPERLY DUE TO THE DEFFECT OF CONTROLLER ASSY PARK SNSR,9824,2/11/2025,2/11/2025
FTIR-11378,27-Sep-22,BALENO,360 Degree camera not working due to camera controller assy defect,36417,3/10/2025,3/10/2025
FTIR-11385,44760,SWIFT,Controller assy not working DTC B1194 B150A,74023,4/24/2025,4/24/2025
FTIR-11402,26-Sep-22,BALENO,360 view camera not working,18882,3/7/2025,3/5/2025
FTIR-11438,25-May-22,BALENO,306 DEGREE REAR VIEW MIRROR CAMERA NOT WORKING,26397,2/19/2025,2/19/2025
FTIR-11479,19-Mar-24,BREZZA,ENGINE NOT STARTING WHILE START THE VEHICLE BATTERY GETTING DISCHARGE,29005,3/26/2025,3/26/2025
FTIR-11491,6-Dec-22,GRAND,ALL CAMERA NOT WORKING AND REVERSE CAMERA ALSO NOT WORKING DUE TO CAMERA CONTROLLER DEFECT,24498,2/3/2025,2/3/2025
FTIR-11492,29-Mar-21,S-PRESSO,reverse alarm not working properly due to defective controller assy park and sensor assy park,23256,4/5/2025,4/5/2025
FTIR-11511,14-Aug-21,CIAZ,THE VEHICLE DOES NOT STARTING IF UNUSED FOR 3 TO 4 DAYS DUE TO MGU ASSY,17351,3/4/2025,3/4/2025
FTIR-11515,6-Jan-24,ERTIGA,ENGINE NOT STARTING PROBLEM AND A OFF LIGHT CONTINOUSLY BLINKING,20930,3/1/2025,3/1/2025
FTIR-11529,22-Oct-22,BALENO,suzuki connect not working,51272,4/26/2025,4/26/2025
FTIR-11538,23-Feb-21,S-PRESSO,vehicle not starting and battery getting discharge due to the defect of MGU assy,29344,3/29/2025,3/29/2025
FTIR-11556,15-Jun-20,ERTIGA,Auto stop switch warning lamp glowing due to failure of Lithium ion battery,64037,4/25/2025,4/25/2025
FTIR-11559,44650,VITARA,Vehicle not starting after parking for three days due to the deffect of ISG unit,17704,2/25/2025,2/25/2025
FTIR-11563,13-Apr-23,WAGONR,FOUND ENGINE NOT STARTING DUE TO BATTERY DEFECTIVE,2018,3/19/2025,3/19/2025
FTIR-11565,43823,XL6,Vehicle not starting after parking for three days due to the defect of MGU unit,18807,2/28/2025,2/28/2025
FTIR-11581,25-Oct-22,IGNIS,Stereo touch screen not responding due to defective stereo assy,36724,2/4/2025,2/4/2025
FTIR-11610,30-Jan-21,ERTIGA,ENGINE NOT STARTING VEHICLE IDEALLY STOPPED THREE TO FOUR DAYS DUE TO MGU ASSY DEFECTED,38920,2/13/2025,2/13/2025
FTIR-11614,9-Feb-22,CELERIO,immobilizer warnning lamp glowing and cluster showing serveice start stop system due to deffective bcm and st relays1,20839,3/20/2025,3/16/2025
FTIR-11623,5-Feb-25,CELERIO,ENGINE NOT STARTINGBATTERY GETTING DISCHARGED BATTERY DEFECTIVE,532,3/7/2025,3/7/2025
FTIR-11631,29-Jan-22,ERTIGA,VEHICLE NOT STARTING AND BATTERY GETTING DISCHARGE DUE TO MGU ASSY PART DEFECTIVE,16663,3/10/2025,3/10/2025
FTIR-11652,30-Dec-21,XL6,MGU NOT WORKING AND VOLTAGE READING LOW SOMETIMES AND CODE P1A0B00,55339,3/15/2025,3/15/2025
FTIR-11658,26-Mar-25,XL6,A STOP Warning lamp glowing We have checked SDT in the vehicle DTC code was P1BB200 Auxiliary power module low state of charge current so Lithium Ion Battery needs to be replace,37,4/4/2025,4/4/2025
FTIR-11661,0,SWIFT,engine not starting,5,2/19/2025,2/18/2025
FTIR-11682,6-Aug-23,SWIFT,vehicle not starting due to faulty bcm,48512,2/22/2025,2/22/2025
FTIR-11698,27-Feb-21,XL6,VEHICLE REPORTED HERE WITH COMPLAINT OF ENGINE NOT STARTING DUE TO BATTERY DOWN WE CHECKED AND FOUND BATTERY FULLY DISCHARGED DUE TO CURRENT LEAKAGE FROM MGU,42156,2/25/2025,2/25/2025
FTIR-11702,0,SWIFT,Vehicle not starting due to battery getting discharge,40,4/22/2025,4/22/2025
FTIR-11705,2-Jan-20,XL6,VEHICLE REPORTED TO WORKSHOP AUTOSTOP LIGHT GLOWING WE HAVE CHECKED AND FOUND AUTOSTOP LIGHT GLOWING AND AUTO STOP NOT WORKING AS PER DIANGNOSTIC FOUND DTC CODE P1372 AS PER SERVICE MANUAL AND AS PER DIAGNOSTICS FOUND AUXIL,75993,3/27/2025,3/27/2025
FTIR-11706,26-May-20,ERTIGA,Battery getting discharged Engine not starting due to mgu unit,41941,2/19/2025,2/19/2025
FTIR-11712,7-Aug-23,SWIFT,MIL LIGHT GLOW AND AC NOT WORKING DUE TO ECM DIFFECTIVE,42234,2/16/2025,2/16/2025
FTIR-11717,44168,BALENO,ABS steering and hand brake malfuction light glowing continuosly inspected and found defctive ABS Actuator assy,47755,3/8/2025,3/8/2025
FTIR-11719,30-Oct-24,FRONX,VEHICLE NOT STARTING SOMETIME BATTERY CELL WEAK CHECK WITH TESTER REMARKS COMING TO REPLACE BATTERY SEND TO VENDOR EXIDE FOR FURTHER DIAGNOSIS,2120,3/1/2025,3/1/2025
FTIR-11758,30-Mar-23,GRAND,VEHICLE NOT STARTING SOMETIME BATTERY CELL WEAK CHECK WITH TESTER REMARKS COMING TO REPLACE BATTERY SEND TO VENDOR EXIDE FOR FURTHER DIAGNOSIS,24821,3/22/2025,3/21/2025
FTIR-11762,21-Sep-19,ERTIGA,vehicle not starting,38600,3/5/2025,3/5/2025
FTIR-11764,24-Sep-24,ERTIGA,VEHICLE NOT STARTING SOMETIME BATTERY CELL WEAK CHECK WITH TESTER REMARKS COMING TO REPLACE BATTERY SEND TO VENDOR EXIDE FOR FURTHER DIAGNOSIS,37634,3/23/2025,3/23/2025
FTIR-11795,24-Oct-19,XL6,Vehicle not starting sub battery getting drained due to MGU internal failure,23855,2/28/2025,2/28/2025
FTIR-11801,17-Aug-22,SWIFT,ABS BRAKE WARNING LAMP GLOWING AFTER ENGINE START AND RUNNING AND IDLING ABS MODULE DEFECT REPLACED ABS MODULE PROBLEM SOLVED,32376,3/21/2025,3/21/2025
FTIR-11803,11-Dec-20,ERTIGA,IF THE CAR IS STOPPED FOR 3 DAYS BATTERY GETTING DISCHARGED DEFFECTIVE PART MGU ASSY,26646,3/7/2025,3/7/2025
FTIR-11806,23-Aug-21,ERTIGA,VEHICLE NOT STARTING DUE TO M G UNIT NOT WORKING,30273,2/27/2025,2/27/2025
FTIR-11844,18-Jan-24,ERTIGA,A STOP LIGHT BILINKINGAFTER CHECKING BY SDT WE GOT FOUND THE CODE P1BB2 DEFECTING LITHIUM ION BATTERY,8775,2/5/2025,2/5/2025
FTIR-11850,18-Feb-21,BALENO,Vehicle reporting to workshop warning light blinking we checked and observed malfunction light parking brake ABS light Steering wheel light warning lights blinking check DTC found U0121 P0500 C1161 and U012187 Due to ABS,29612,4/21/2025,4/21/2025
FTIR-11864,9-Feb-22,WAGONR,Some time vehicle not starting due to faulty starter assy,19084,3/18/2025,3/18/2025
FTIR-11867,11-Jul-23,INVICTO,Engine not starting while engine starting time we check and found lead acid battery weak,9917,2/19/2025,2/19/2025
FTIR-11877,45183,ERTIGA,engine not starting battery check,39490,3/12/2025,3/12/2025
FTIR-11913,9-May-22,BALENO,CAMERA NOT WORKING,76692,4/12/2025,4/12/2025
FTIR-11914,5-Feb-25,GRAND,ENGINE NOT STARTING BATTERY,1786,3/10/2025,3/10/2025
FTIR-11920,12-Apr-22,BALENO,360 DEGREE CAMERA NOT WORKING,94959,3/4/2025,3/4/2025
FTIR-11923,28-Aug-20,ALTO,complaint regarding reverse parking sernsor not working defective part is CONTROLLER ASSYAPARK SNSR,50684,3/26/2025,3/26/2025
FTIR-11924,21-Oct-19,XL6,ENGINE NOT STARTING VEHICLE IDEALLY STOPPED THREE TO FOUR DAYS DUE TO MGU ASSY DEFECTED,54932,4/1/2025,4/1/2025
FTIR-11952,30-Dec-17,SWIFT,engine not starting,250055,3/19/2025,3/19/2025
FTIR-11965,24-Dec-22,GRAND,BLUETOOTH NOT WORKING DEFECTIVE PART UNIT ASSY DISPLAY AUDIO,25293,4/25/2025,4/25/2025
FTIR-11966,29-Nov-21,ALTO,Reverse Alarm Not Working And Always Beeping Due To The Defect Of Controller Assy Park Snsr And Both Sensor Assy Park,32235,3/12/2025,3/12/2025
FTIR-11975,30-Dec-23,SWIFT,Engine not starting battery issue,24801,3/14/2025,3/14/2025
FTIR-11978,0,BALENO,ENGINE NOT STARTING,5,4/26/2025,4/26/2025
FTIR-11980,28-Dec-22,XL6,MGU BATARY NOT WORKING,17760,4/25/2025,4/25/2025
FTIR-12008,17-Jan-25,FRONX,VEHICLE NOT STARTING DUE TO PRIMERY BATTERY,870,2/20/2025,2/20/2025
FTIR-12028,30-Sep-21,VITARA,battery getting discharge intermittently is due to the compaint of MGUASSY,29993,3/3/2025,3/3/2025
FTIR-12059,26-Mar-24,BALENO,this vehicle reporte for key and push button not working properly we have checked as per manual and discus with technicla team RO office he told you can replace the BCM so we have replace the bcm and vehicle now ok,4203,3/6/2025,3/6/2025
FTIR-12077,17-Dec-20,ERTIGA,ENGINE NOT STARTING AND BATTERY CURRENT DROPPAGE DUE TO FAULTY MGU ASSY,41488,2/19/2025,2/19/2025
FTIR-12088,15-Nov-24,BALENO,VEHICLE NOT STARTING DUE TO BATTERY ASSY DEFECTIVE,3794,2/22/2025,2/22/2025
FTIR-12113,,SWIFT,wireless charger not working,3,3/6/2025,3/6/2025
FTIR-12120,43889,ERTIGA,Auto stop warning lamp glowing at running due to the defect of MGU assy,42646,2/17/2025,2/17/2025
FTIR-12121,25-Jan-23,WAGONR,ENGINE NOT STARTING DUE TO INTENAL DEFECT IN BATTERY,10919,2/20/2025,2/20/2025
FTIR-12135,12-May-23,GRAND,VEHICLE NOT STARTING,29000,4/28/2025,4/28/2025
FTIR-12136,26-Feb-21,ERTIGA,Vehicle received with the complaint of vehicle not starting intermediately and battery getting discharged due to defect of MGU assy,45963,2/19/2025,2/19/2025
FTIR-12160,28-Feb-23,XL6,360 CAMERA NOT WORKING FOUND CAMERA CONTROLER MODULE DEFECTIVE,33570,2/13/2025,2/13/2025
FTIR-12166,19-Jul-21,WAGONR,ENGINE NOT STARTING AND ECM FAULTY,92333,2/5/2025,2/5/2025
FTIR-12170,28-Jun-24,GRAND,Vehicle not starting issue,37671,3/31/2025,3/31/2025
FTIR-12240,30-Nov-24,GRAND,URBAN CRUISER HYRYDER (FG2312A) VEHICLE CENTER LOCK AND IGNITION NOT WORKING WHILE OPERATING BY IMOBILIZER KEY DUE TO DEFECTIVE BCM,124,3/19/2025,1/27/2025
FTIR-12256,30-Nov-24,SWIFT,WIRELESS CHARGER NOT WORKING,4562,4/22/2025,4/22/2025
FTIR-12293,26-Sep-20,ERTIGA,ENGINE NOT STARTING AND BATTERY GETTING DISCHARGE DUE TO DEFFECTIVE MGU ASSY,45363,3/8/2025,3/8/2025
FTIR-12316,24-Mar-23,ERTIGA,A off Light Glowing and SHVS not working Vehicle Checked found Lithium ION Battery Found Defective,27753,3/11/2025,3/11/2025
FTIR-12335,23-Jul-21,VITARA,LITHIUM ION BATTERY NOT WORKING PROBLEM AND CODE P137A AND P1361 AND P1379,38853,3/21/2025,3/21/2025
FTIR-12336,31-Dec-23,FRONX,Rear camera model not working,26318,3/29/2025,3/29/2025
FTIR-12356,9-Dec-22,BALENO,abs warning lamp glowing and Parcking brake warning abs actuator assy is defective,6933,2/23/2025,2/22/2025
FTIR-12359,44146,WAGONR,MIL LIGHT GLOWING DUE TO DTC P0616 BCM NOT WORKING PROPERLY,32240,2/19/2025,2/18/2025
FTIR-12374,31-Dec-20,VITARA,INDICATOR NOT WORKING DUE TO THE DEFECT OF CONTROLLER ASSY BODY ELEC,18677,4/1/2025,4/1/2025
FTIR-12382,26-Sep-20,ERTIGA,Battery getting discharged and vehicle not starting due to a defective MGU ASSY,60967,2/26/2025,2/26/2025
FTIR-12385,31-Dec-24,GRAND,I PHONE WIRELESS CHARGER NOT WORKING,867,2/17/2025,2/17/2025
FTIR-12387,13-Dec-18,ERTIGA,Engine not starting and battery not getting charged due to defect in the MGU assy,29317,2/15/2025,2/15/2025
FTIR-12396,8-Aug-21,S-PRESSO,REVERSE PARK SENSOR NOT WORKING DUE TO FAULTY CONTROLLER ASSYPARK SNSR,20421,2/20/2025,2/20/2025
FTIR-12398,21-Dec-21,SWIFT,VEHICLE NOT STARTING CONTROLLER ASSY EPI,40222,2/11/2025,2/11/2025
FTIR-12420,44487,XL6,Vehicle not starting after parking for three days due to the defect of MGU unit,21751,3/3/2025,3/3/2025
FTIR-12427,31-May-22,ERTIGA,vehicle running time battery lamp continiously glowing and A stop lamp blinking in clushter due to defect of lithium ion battery,37418,4/10/2025,4/10/2025
FTIR-12433,12-Oct-22,ERTIGA,engine not starting and aoff light blinking,22141,3/4/2025,3/4/2025
FTIR-12450,31-Oct-24,JIMNY,engine not starting some time we have check wiring starter check found ok and then check battery defect in battery,2013,2/27/2025,2/27/2025
FTIR-12455,30-Jun-20,XL6,Touch screen not responding due to defective stereo,69740,3/26/2025,3/26/2025
FTIR-12470,30-Nov-22,XL6,Stereo touch screen not responding due to defective stereo assy,27878,2/13/2025,2/13/2025
FTIR-12486,31-May-22,BALENO,svs not working due to CONTROLLER ASSY CAMERA DEFECTIVE,59565,4/3/2025,4/3/2025
FTIR-12499,26-Feb-22,ERTIGA,vehicle not starting,7982,2/11/2025,2/11/2025
FTIR-12521,19-Dec-24,BREZZA,ENGINE NOT STARTING DUE TO LITHIUM ION BATTERY INTERNAL ISSUE,286,2/5/2025,2/5/2025
FTIR-12548,16-Feb-21,BALENO,SPEEDOMETER NOT WORKING POWER STEERING LIGHT ABS LIGHT HAND BRAKE LIGHT MIL WARNING LIGHT GLOWING STEERING HARD,83024,4/25/2025,4/25/2025
FTIR-12558,8-Jul-22,BALENO,Music system touch not responding and system hangs,31931,2/4/2025,2/4/2025
FTIR-12575,28-Feb-21,VITARA,Engine not starting and voltage drop found due to the defect of MGU assy,54880,4/19/2025,4/19/2025
FTIR-12596,25-May-22,BALENO,CAMERA NOT WORKING,7711,3/3/2025,3/3/2025
FTIR-12604,19-Dec-20,SWIFT,ACTUATOR ASSY ABS NOT WORKING,40634,4/5/2025,4/5/2025
FTIR-12630,28-Feb-21,XL6,ENGINE NOT STARTING DUE TO DEFECT OF MGU ASSY,28584,2/15/2025,2/15/2025
FTIR-12664,28-Dec-24,SWIFT,VEHICLE NOT STARTING DUE TO TATA GREEN BATTERY DEFECT,3764,3/20/2025,3/19/2025
FTIR-12667,30-Dec-21,XL6,ENGINE NOT STARTING,31948,3/15/2025,3/15/2025
FTIR-12689,15-Aug-23,SWIFT,A2N412-TUNER ASSY FAILURE-Bluetooth not working-MBHCZC63S00C56110-24K14962,5816,2/6/2025,11/22/2024
FTIR-12692,30-May-22,XL6,WARNING LIGHT GLOWING AND BLINKING AFTER INSPECTION DTC P1882 FOUND IN VEHICLE RELATED TO AUXILLARY POWER MODUAL SUBMERGED DURING INSPECTION WATER FOUND INSIDE THE CABIN VEHICLE WENT THROUGH WATER LOGGED AREA,22590,2/22/2025,2/22/2025
FTIR-12703,12-Oct-21,XL6,WHEN YOU APPLY THE BRAKE OR THE CLUTCH TO A SPEED OF 40 TO 50 WHILE DRIVING IT ILLUMINATES THE CAR BATTERY LIGHT RUNNING CONDITION MGU ASSY NG,36101,3/24/2025,3/24/2025
FTIR-12723,15-Jun-20,ERTIGA,Auto stop switch warning lamp glowing due to failure of Lithium ion battery,63296,3/18/2025,3/18/2025
FTIR-12725,22-Oct-24,GRAND,URBAN CRUISER HYRYDER [FGB329M] VEHICLE MOBILE WIRELESS CHARGER NOT WORKING DUE TO INTERNAL FAILURE.,7471,3/19/2025,2/16/2025
FTIR-12746,14-Nov-24,EECO,SIREON NOT WORKING AT ALL AFTER SWITCH ON ALL WIRING CONNECTIONS COUPLERS AND FUSES FOUND OK SUSPECTED SIREN INTERNAL CONTACT NOT PROPER,3644,3/1/2025,2/28/2025
FTIR-12778,21-Aug-24,WAGONR,VEHICLE NOT STARTING SOMETIME BATTERY CELL WEAK CHECK WITH TESTER REMARKS COMING TO REPLACE BATTERY SEND TO VENDOR EXIDE FOR FURTHER DIAGNOSIS,34990,3/24/2025,3/24/2025
FTIR-12779,4-Jul-24,BREZZA,VEHICLE WAS REPORTED FOR ENGINE NOT STARTING WHILE START THE VEHICLE DUE TO PACK BATTERY ASSY WAS DEFFECTIVE SO WE REPLACE THE PART,13340,2/3/2025,2/3/2025
FTIR-12785,31-Oct-19,ERTIGA,Vehicle not starting and battery getting discharged due to defective MGU assy,31604,2/26/2025,2/26/2025
FTIR-12802,31-Oct-23,BREZZA,engine not starting,24515,3/30/2025,3/20/2025
FTIR-12804,28-Dec-20,IGNIS,BCM NOT WORKING,49155,4/13/2025,4/13/2025
FTIR-12808,6-Mar-20,XL6,Vehicle received with the complaint of vehicle not starting intermediately and battery getting discharged due to defect of MGU assy,78789,2/19/2025,2/19/2025
FTIR-12810,31-Dec-24,SWIFT,Engine not starting Battery issue,3865,4/9/2025,4/9/2025
FTIR-12828,10-Nov-23,JIMNY,POOR PICKUP AND MIL ESP AND AUTOSTOP LIGHT BLINKING IN INSTRUMENT PANEL DUE TO ECM ASSY FAULTY,15214,4/10/2025,4/10/2025
FTIR-12831,27-Aug-21,S-PRESSO,ENGINE NOT STARTING BECAUSE BATTERY VOLT DROPPAGE is due to the defect of MGU ASSY,28546,4/28/2025,4/28/2025
FTIR-12833,15-Oct-23,SWIFT,ENGINE NOT STARTING,86111,2/27/2025,2/26/2025
FTIR-12869,18-Aug-23,BREZZA,engine not starting,34628,3/5/2025,3/5/2025
FTIR-12871,44814,BALENO,STEREO NOT WORKING DUE TO CLARION STEREO TOUCH NOT WORKING AND AUTOMATICALY OPERATE,22280,3/5/2025,3/5/2025
FTIR-12877,31-Dec-19,XL6,Battery getting discharged and vehicle not starting due to defective MGU ASSY,20972,4/20/2025,4/20/2025
FTIR-12886,30-Nov-23,CIAZ,VEHICLE NOT STARTING BATTERY,39158,2/1/2025,2/1/2025
FTIR-12899,30-Jun-21,XL6,Vehicle not starting after parking for three days due to the defect of MGU ASSY,24216,3/10/2025,3/10/2025
FTIR-12937,10-Mar-21,CIAZ,Customer reported for complaint of engine not starting it is due to the defect of MGU assy,21666,3/8/2025,3/8/2025
FTIR-12955,26-Sep-20,XL6,vehicle not starting and battery getting discharge due to the defect of MGU assy,37600,4/24/2025,4/24/2025
FTIR-13000,2-Dec-20,ERTIGA,BATTERY WARNING LIGHT AND A STOP LIGHT SOME TIME BLINKING MGU UNIT,53282,3/5/2025,3/5/2025
FTIR-13006,14-Jun-22,BALENO,360 CAMERA NOT WORKING DUE TO CONTROLLER ASSY DEFECTIVE,15411,3/25/2025,3/25/2025
FTIR-13025,26-Apr-23,BREZZA,VEHICLE NOT STARTING DUE TO EXIDE BATTERY FAULT,18843,4/17/2025,4/16/2025
FTIR-13038,13-Dec-21,VITARA,Speedometer mileage reading needle sticky and not working due to speedometer assy deffective,27927,3/8/2025,3/8/2025
FTIR-13050,15-Jun-23,ERTIGA,vehicle reported for Lock and unlock time Siren not working and while be are push the lock and unlock button together then only indicator lights are flashing but siren sound is not coming after replacing the BCM siren soun,38645,2/25/2025,2/25/2025
FTIR-13052,23-Feb-23,BALENO,"A3K415-CONTROLLER ASSY, CA FAILURE-CAMERA SYSTEM NOT WORKING-MBHHWBA3S00267113-25B15209",41238,3/30/2025,2/24/2025
FTIR-13057,14-Feb-19,ERTIGA,ENGINE NOT STARTING AND BATTERY GETTING DISCHARGE DUE TO DIFECTIVE OF MGU ASSY,56698,2/27/2025,2/27/2025
FTIR-13065,10-Jun-25,GRAND,VEHICLE REPORTED TO WORKSHOP TOWED ON PLATEFORM AS IT WAS NOT STARTING ON ANALYSIS WITH SDT2 DTC OBSERVED P1CC96 AND B115016 INVERTER ASSY HV MOTOR NOT WORKING ON APPROVAL OF HEADOFFICE IT WAS REPLACED IN 50 GOODWILL,175,4/20/2025,4/20/2025
FTIR-13073,44597,XL6,Vehicle not starting sub battery getting drained due to MGU internal failure,92225,2/17/2025,2/17/2025
FTIR-13076,,GRAND,[Followed-up01 FTR]URBAN CRUISER [FG21] - VEHICLE NOT STARTING DUE TO AUXILIARY BATTERY WEAK [AUXILARY BATTERY FAILURE] : 2024YE-TSB0010,19,3/19/2025,11/22/2024
FTIR-13083,5-Feb-25,Brezza,Unauthorized rewriting of Mitsubishi Electric engine controller,98,4/9/2025,4/9/2025
FTIR-13108,9-Jun-23,WAGONR,VEHICLE REPORTED TO WORKSHOP FOR CENTRAL LOCKING NOT WORKING WE HAVE CHECKED AND FOUND CENTRAL LOCKING NOT WORKING WITH BOTH KEY REMOTE BUT WORKING WITH MAIN POWER WINDOW SWITCH AND FOUND DTC B1158 SO THEN WE SWAP OK BCM I,22427,2/20/2025,2/20/2025
FTIR-13143,24-Feb-21,BALENO,POWER STEERING NOT WORKING SPEEDOMETER NOT WORKING ABS AND MIL WARNING LAMP GLOWINGABS ACTUATOR ASSY COMPLAINT,34499,3/28/2025,3/28/2025
FTIR-13156,22-Oct-20,BALENO,fog lamp not working due to controller assy body ELEC,60973,2/12/2025,2/12/2025
FTIR-13167,11-Oct-24,ERTIGA,VEHICLE NOT STARTING SOMETIME BATTERY CELL WEAK CHECK WITH TESTER REMARKS COMING TO REPLACE BATTERY SEND TO VENDOR EXIDE FOR FURTHER DIAGNOSIS,26714,2/17/2025,2/17/2025
FTIR-13174,5-Dec-24,SWIFT,CENTER LOCKING SYSTEM NOT WORKING DUE TO DEFECTIVE CONTROLLER ASSY BODY ELEC,3306,2/13/2025,2/13/2025
FTIR-13207,29-Mar-22,BALENO,camera not working,94573,3/23/2025,3/20/2025
FTIR-13234,11-Dec-19,ERTIGA,VEHICLE NOT STARTING,35986,2/16/2025,2/16/2025
FTIR-13250,30-Nov-23,GRAND,VEHICLE NOT STARTING SOMETIME BATTERY CELL WEAK CHECK WITH TESTER REMARKS COMING TO REPLACE BATTERY SEND TO VENDOR EXIDE FOR FURTHER DIAGNOSIS,19302,3/18/2025,3/18/2025
FTIR-13253,12-Dec-20,VITARA,Vehicle not starting after parking for three days due to the defect of MGU ASSY,35253,3/26/2025,3/26/2025
FTIR-13258,13-Dec-22,XL6,Vehicle repoted intermitted stop and warning light on MIL DTC U0101 LOST COMMUNICATION WITCH TCM,45866,4/17/2025,4/16/2025
FTIR-13275,30-Mar-21,VITARA,INDICATOR NOT WORKING DUE TO THE DEFECT OF CONTROLLER ASSY BODY ELEC,15400,2/7/2025,2/7/2025
FTIR-13296,31-Mar-23,EECO,VEHICLE NOT STARTING SOMETIME BATTERY CELL WEAK CHECK WITH TESTER REMARKS COMING TO REPLACE BATTERY SEND TO VENDOR AMARON FOR FURTHER DIAGNOSIS,33489,3/1/2025,3/1/2025
FTIR-13314,10-Feb-25,FRONX,Reverse alarm not working due to faulty Controller assembly Park sensor and DTC B185787 SDT Screen on current category,1787,4/28/2025,4/28/2025
FTIR-13322,25-Feb-20,XL6,Engine not starting and voltage drop due to the defect of MGU assy,64225,3/1/2025,3/1/2025
FTIR-13325,29-Jul-23,BALENO,abs warning lamp glowing and Parcking brake warning abs actuator assy is defective,10211,3/7/2025,3/7/2025
FTIR-13338,4-Nov-20,SWIFT,ABS WARING LIGHTS AND POWER STEERING NOT WORKING DUE TO FAULTI ABS ACTUATOR ASSY COMPLAINT,57060,4/8/2025,4/7/2025
FTIR-13359,14-Oct-24,GRAND,wireless charger not working,22874,4/17/2025,4/17/2025
FTIR-13367,6-Dec-21,S-PRESSO,Battery getting discharged and vehicle not starting due to a defective MGU ASSY,14472,2/26/2025,2/26/2025
FTIR-13371,10-Dec-24,GRAND,Wireless charger not working properly,2592,2/25/2025,2/25/2025
FTIR-13373,14-May-23,BALENO,SERVICE STEERING LOCK SYSTEM LIGHT GLOWING,37346,4/27/2025,4/27/2025
FTIR-13377,23-Oct-20,XL6,music system touch screen not working due to touch pad,33607,2/25/2025,2/25/2025
FTIR-13388,31-Dec-20,CIAZ,BATTERY GETTING DISCHARGED AND ENGINE NOT STARTING DUE TO DEFECTIVE MGU ASSY,13940,2/17/2025,2/17/2025
FTIR-13393,31-Jan-20,BALENO,ABS ESP warning lamps glowing and PS ABS VSS not working due to deffective actuator assy ABS,59243,2/1/2025,1/31/2025
FTIR-13394,20-Mar-20,ALTO,REVERSE ALARM NOT WORKING DUE TO DEFECT OF CONTROLLER ASSY PARK SNSR AND BOTH SENSOR ASSY PARK,28365,2/26/2025,2/26/2025
FTIR-13398,31-Jan-21,CIAZ,Vehicle not starting sub battery getting drained due to MGU internal failure,18664,3/28/2025,3/28/2025
FTIR-13399,18-Dec-21,ERTIGA,WARNING LIGHT SHOWING A STOP LIGHT BLINKING DUE TO INTERNAL FAILURE IN LI ION BATTERY,26384,3/28/2025,3/28/2025
FTIR-13400,44826,BALENO,REVERSE CAMERA AND 360 DEGREE CAMERA NOT WORKING,36252,3/6/2025,3/6/2025
FTIR-13404,6-Mar-23,ERTIGA,Vehicle MIL Light auto stop light glowing issue due to manufacture defective in Lithium ion battery,42023,4/4/2025,4/4/2025
FTIR-13406,19-Aug-23,BALENO,problem of indication of MIL and ABS glowing Hill hold and traction not working,13810,2/24/2025,2/24/2025
FTIR-13436,12-Feb-22,SWIFT,vehicle reported here with complaint of immobilizer warning lamp glowing checked wit sdt found DTC B1194 related to BCM,29871,2/18/2025,2/18/2025
FTIR-13437,30-Mar-21,ALTO,Reverse alarm not working while engaging gear to reverse due to defect of controller assy park sensor,12666,3/12/2025,3/12/2025
FTIR-13449,10-Dec-22,GRAND,MUSIC SYSTEM BLUETOOTH WIFI NOT WORKING,7107,4/28/2025,4/28/2025
FTIR-13453,28-Mar-22,SWIFT,controller assy body not working,52785,4/1/2025,4/1/2025
FTIR-13484,28-Aug-23,FRONX,VEHICLE NOT STARTING,41186,4/17/2025,4/17/2025
FTIR-13491,20-Aug-20,ERTIGA,Battery Getting Discharging and Engine not starting due to defective mgu assy,17411,2/22/2025,2/22/2025
FTIR-13512,44450,ALTO,Reverse alarm not working due to defective sensor assy park and controller assy park,32351,4/23/2025,4/23/2025
FTIR-13513,0,FRONX,Vehicle received from transporter in NG condition Engine is not starting and in Cluster meter no Light is on after inspection we found Lithium ion battery is defective and we are informed the RO after that battery is sent,4,4/2/2025,4/2/2025
FTIR-13521,12-Jul-19,ERTIGA,ENGINE NOT STARTING DUE TO DEFECT OF MGU ASSY,45612,2/27/2025,2/27/2025
FTIR-13523,29-Sep-22,BALENO,Vehicle Reported our workshop 360 camera not working issue After Workshop Diagnosing found that 360 Camera Modular Defective Already the swipe test is done So Replace the Camera Controler Assy UW,53163,3/30/2025,3/30/2025
FTIR-13532,31-Jan-25,CELERIO,Vehicle not starting,9,2/6/2025,2/6/2025
FTIR-13542,44496,VITARA,REVERSE ALARM NOT WORKING DUE TO FAULTY CONTROLLER ASSY PARKING,55359,2/27/2025,2/27/2025
FTIR-13550,24-Mar-21,VITARA,REVERSE PARK SENSOR NOT WORKING DUE TO FAULTY CONTROLLER ASSYPARK SNSR,41537,2/28/2025,2/28/2025
FTIR-13564,15-Feb-21,XL6,we observed auto off not working due to faulty MGU UNIT ASSY,37796,3/12/2025,3/12/2025
FTIR-13566,27-May-20,ERTIGA,Battery Getting Discharging and Engine not starting due to defective mgu assy,21631,4/17/2025,4/17/2025
FTIR-13587,18-Jun-20,ERTIGA,BATTERY GETTING DISCHARGED AND ENGINE NOT STARTING DUE TO DEFECTIVE MGU ASSY,34592,2/17/2025,2/17/2025
FTIR-13601,0,GRAND,VEHICLE CHECK AND FOUND AC NOT WORKING AFTER DIAGNOSE THE VEHICLE FOUND AC GAS NOT FOUND INCAR,7,4/12/2025,4/12/2025
FTIR-13611,13-Mar-19,CIAZ,Vehicle not starting after parking for three days due to the defect of MGU unit,25273,2/20/2025,2/20/2025
FTIR-13612,29-Jun-19,ERTIGA,BATTERY GETTING DISCHARGED AND ENGINE NOT STARTING DUE TO DEFECTIVE MGU ASSY,43640,4/8/2025,4/8/2025
FTIR-13633,31-Mar-22,S-PRESSO,Reverse camera not working dueto module mistake,33779,4/11/2025,4/11/2025
FTIR-13639,6-Dec-22,BALENO,regarding for steering lock set,48502,4/23/2025,4/23/2025
FTIR-13650,23-Jul-24,GRAND,Urban cruiser Hyryder (FGB3293) Not able to connect to audio system via bluetooth [Audio Logs Attached],1861,4/3/2025,10/17/2024
FTIR-13651,9-Jun-22,ERTIGA,AUTOSTOP NOT WORKING WITH A DTC CODE OF POA7D00 DUE TO LI BATTERY CHARGING NOT HAPPENING,61666,3/21/2025,3/21/2025
FTIR-13653,9-Feb-21,BALENO,Touch screen not responding or not working properly,23268,3/18/2025,3/18/2025
FTIR-13654,26-Sep-22,ALTO,Speed lock not working due to defective steering lock set,71864,4/10/2025,4/10/2025
FTIR-13666,31-Jan-25,CIAZ,ENGINE NOT STARTING BATTERY IS DEFECTIVE,1205,3/5/2025,3/5/2025
FTIR-13681,6-Oct-20,VITARA,Front Both Indicator Not Working After Engine Start BCM Need Replace,28575,4/21/2025,4/21/2025
FTIR-13684,10-Mar-20,BALENO,Warning light glowing and power steering not working is due to the defect of ACTUATOR ASSY ABS,24175,3/1/2025,3/1/2025
FTIR-13689,30-Mar-23,WAGONR,VEHICLE NOT STARTING SOMETIME BATTERY CELL WEAK CHECK WITH TESTER REMARKS COMING TO REPLACE BATTERY SEND TO VENDOR EXIDE FOR FURTHER DIAGNOSIS,17197,3/6/2025,3/6/2025
FTIR-13702,30-Dec-23,WAGONR,Engine not starting due to defective lead acid battery,29995,4/1/2025,4/1/2025
FTIR-13703,14-May-22,BALENO,reverse camera and 360 view camera not working due to the deffect of CONTROLLER ASSYCAMERA,97735,4/4/2025,4/4/2025
FTIR-13710,3-Jun-20,ERTIGA,VEHICLE NOT STARTING,20095,3/26/2025,3/26/2025
FTIR-13714,26-Jul-22,BALENO,360 DEGREE CAMERA NOT WORKING,22721,4/20/2025,4/10/2025
FTIR-13726,10-Apr-24,ERTIGA,AUTOSTOPLIGHTBLINKING FAULTY LITHIUM ION BATTERY,39096,4/9/2025,4/9/2025
FTIR-13747,4-Oct-24,FRONX,ENGINE NOT STARTING DUE TO BATTERY DEFECTIVE,8676,3/11/2025,3/11/2025
FTIR-13770,18-Sep-20,VITARA,Reverse alarm not working due to defective sensor assy park and controller assy park,49062,4/22/2025,4/22/2025
FTIR-13789,25-Oct-23,XL6,VEHICLE NOT STARTING SOMETIME BATTERY CELL WEAK CHECK WITH TESTER REMARKS COMING TO REPLACE BATTERY SEND TO VENDOR EXIDE FOR FURTHER DIAGNOSIS,18411,3/22/2025,3/22/2025
FTIR-13820,28-Mar-24,BREZZA,VEHICLE NOT STARTING DUE TO BATTERY ASSY GETTING DISCHARGED,38689,3/15/2025,3/15/2025
FTIR-13829,8-Feb-24,BREZZA,CONTROLLER ASSY PAKING NOT WORKING,8699,4/25/2025,4/25/2025
FTIR-13834,17-Feb-22,XL6,Vehicle not starting after parking for three days due to the defect of MGU unit,11029,2/17/2025,2/17/2025
FTIR-13842,18-May-24,ERTIGA,VEHICLE NOT STARTING SOMETIME BATTERY CELL WEAK CHECK WITH TESTER REMARKS COMING TO REPLACE BATTERY SEND TO VENDOR EXIDE FOR FURTHER DIAGNOSIS,34649,3/6/2025,3/6/2025
FTIR-13844,23-Mar-21,VITARA,INDICATOR NOT WORKING DUE TO THE DEFECT OF CONTROLLER ASSY BODY ELEC,27995,3/19/2025,3/19/2025
FTIR-13849,17-Jun-19,ERTIGA,ENGINE NOT STARTING BATTERY GETTING DISCHARGED DUE TO MGU ASSY DEFECTIVE,16676,3/4/2025,3/4/2025
FTIR-13851,45124,INVICTO,Engine not starting due to lead acid battery weak,31385,2/12/2025,2/12/2025
FTIR-13861,44251,XL6,Customer found vehicle not starting and the battery gets discharged due to defective MGU assy,46955,3/18/2025,3/17/2025
FTIR-13864,28-Apr-22,SWIFT,ACCELARATE PEDAL NOT WORKING DUE TO ECM DEFECT,24505,3/27/2025,3/26/2025
FTIR-13877,30-May-24,BALENO,TOYOTA GLANZA (K12N24R) VEHICLE NOT STARTING & 3rd CYLINDER INJECTOR LEAKAGE DUE TO FAILURE OF ECM,2817,2/10/2025,9/3/2024
FTIR-13900,11-Dec-20,BALENO,Defective ACTUATOR ASYABS occurring ABS LIGHT POWER STEERING AND HAND BRAKE LIGHT GLOWING abnormaly,3789,3/16/2025,3/16/2025
FTIR-13901,27-Dec-18,CIAZ,Vehicle not starting after parking for three days due to the defect of MGU unit,21215,3/26/2025,3/26/2025
FTIR-13914,21-Nov-23,GRAND,VEHICLE NOT STARTING,27210,4/17/2025,4/17/2025
FTIR-13940,31-Oct-22,BALENO,360 degree camera not working,16685,2/18/2025,2/18/2025
FTIR-13952,22-Nov-24,SWIFT,WIRELESS CHARGER NOT WORKING,5875,3/7/2025,3/7/2025
FTIR-13960,44218,XL6,battery getting discharge intermittently is due to the compaint of MGUASSY,51789,3/19/2025,3/19/2025
FTIR-13984,21-Apr-21,BALENO,VEHICLE REPORTED HERE WITH COMPLAINT OF POWER STEERING NOT WORKING AND WARNING LAMP GLOWING DUE TO DEFECT OF ACTUATOR ASSY ABS,28268,4/12/2025,4/12/2025
FTIR-13989,8-Aug-21,Brezza,Spacia (YD1) Microcontroller Vulnerability,8893,3/8/2025,3/8/2025
FTIR-13991,15-Jul-20,XL6,engine not starting mgu assy,24215,3/15/2025,3/10/2025
FTIR-14003,11-Dec-23,INVICTO,ENGINE NOT STARTING SOME TIME AND ALSO BATTERY GETTING DISCHARGE DUE TO DEFECTIVE BATTERY,5490,3/6/2025,3/6/2025
FTIR-14004,30-Sep-20,BALENO,Vehicle reported here with complaint of sometime brake not effective and same time ABS mal function lamp glowing due to the defect of Actuator assy ABS,12589,2/7/2025,2/6/2025
FTIR-14018,22-Dec-20,SWIFT,POWER STEERING NOT WORKING SPEEDOMETER NOT WORKING ABS AND MIL WARNING LAMP GLOWINGABS ACTUATOR ASSY COMPLAINT,16654,3/28/2025,3/28/2025
FTIR-14030,24-Jun-24,WAGONR,VEHICLE REPORTED TO WORKSHOP FOR ENGINE NOT STARTING CONCERN DUE TO PROBLEM,24674,4/19/2025,4/19/2025
FTIR-14040,9-Jun-22,ERTIGA,AUTOSTOP NOT WORKING WITH A DTC CODE OF DUE TO LI BATTERY CHARGING NOT HAPPENING,59510,2/22/2025,2/22/2025
FTIR-14063,25-Oct-20,SWIFT,VEHICLE REPORTED IN WORKSHOP FOR COMPLAIN ABS WARNING LIGHT GLOWING ALONG WITH ABS LIGHT BRAKE LIGHT MIL LIGHT WAS ALSO GLOWING KEY WARNING LIGHT WAS ALSO BLINKING WE DIAGNOSIS AND FOUND THAT ACTUATOR ASSY ABS IS DEFECTIVE,29025,2/22/2025,2/22/2025
FTIR-14068,18-Sep-21,ERTIGA,Vehicle not starting and Excessive current leakage because of defective MGU assy,20553,4/5/2025,4/5/2025
FTIR-14076,28-Aug-20,ERTIGA,ENGINE NOT STARTING DUE TO BATTERY GETTING DISCHARGED,16539,3/29/2025,3/29/2025
FTIR-14085,29-Sep-22,BREZZA,Smart Hybrid function not working A OFF light blinking Lithium ion battery defective,31952,4/28/2025,4/28/2025
FTIR-14091,11-Nov-22,GRAND,SUZUKI CONNECT APP NOT WORKING PROPERLY AS WHILE SCANNING VEHICLE HEALTH IT'S SHOWING ERROR IN POWER TRAIN SYSTEM BUT AFTER CONNECTING SDT NO ANY DTC AVILABLE IN CURRENT CONDITION RELATED TO POWER TRAIN,30775,2/3/2025,2/3/2025
FTIR-14101,0,SWIFT,Observed Vehicle not starting by push button strat,10,2/11/2025,2/11/2025
FTIR-14123,18-Nov-23,BREZZA,remote locking not working some times due to defective controller assyshock,6752,4/18/2025,4/18/2025
FTIR-14126,26-Apr-24,ERTIGA,Engine not Starting Not Cranking due to Auxiliary Module defective,47016,3/8/2025,3/8/2025
FTIR-14129,30-Apr-24,SWIFT,ENGINE NOT STARTING,39350,3/30/2025,3/24/2025
FTIR-14144,27-Dec-24,SWIFT,Door Request Switch and Trunk opener switch are Not Working Cause of BCM Assy Defective,1984,2/25/2025,2/25/2025
FTIR-14153,31-Jul-21,IGNIS,ENGINE NOT STARTING,38750,2/14/2025,2/14/2025
FTIR-14176,16-Mar-21,ALTO,CONTROLLER ASSY PARK SENSOR NOT WORKING,39982,4/21/2025,4/21/2025
FTIR-14196,31-May-19,CIAZ,customer reported in workshop with auto off not working due to defective lithium ion battery,35569,3/18/2025,3/18/2025
FTIR-14197,31-May-19,CIAZ,customer reported in workshop with auto off not working due to defective lithium ion battery,35569,3/18/2025,3/18/2025
FTIR-14198,22-Jun-20,ERTIGA,Battery Getting Discharging and Engine not starting due to defective mgu assy,14986,2/27/2025,2/27/2025
FTIR-14205,43810,XL6,Vehicle not starting sub battery getting drained due to MGU internal failure,13036,3/27/2025,3/27/2025
FTIR-14246,8-May-23,SWIFT,WE CHECKED AND FOUND ENGINE NOT STARTING DUE TO AMARON BATTERY INTERNAL DEFECT,32099,4/12/2025,4/12/2025
FTIR-14252,2-Nov-20,ERTIGA,ABS WARING LIGHT AND POWER STEERING AND EBD AND HANBBRAKE MIL LIGHT BLINKING IN SPEEDOMETER CHECK FOUND ABS MODULE ASSY FAULTY AND DEFECTIVE,91027,3/27/2025,3/27/2025
FTIR-14288,4-May-22,XL6,back camera and 360 degree not working while vehicle reverse time we check and found camera controller assy defective,36625,3/16/2025,3/16/2025
FTIR-14296,27-Apr-23,BALENO,PARK SENSOR CONTROLLER ASSY NOT WORKING,36499,3/10/2025,3/10/2025
FTIR-14297,13-Oct-21,ERTIGA,Engine not starting and voltage drop due to the defect of MGU assy,33822,3/14/2025,3/14/2025
FTIR-14298,10-Dec-24,CIAZ,A STOP LIGHT COMING CAUSE OF DEFECTIVE ECM,321,2/3/2025,2/3/2025
FTIR-14302,29-Nov-22,BALENO,VEHICLE REPORTED WITH STEREO NOT WORKING PROPERLYTOUCH SCREEN NOT RESPONDING OF CLARION STEREO AND DEFECTIVE PART WAS STEREO ASSY,6184,2/3/2025,2/3/2025
FTIR-14314,17-Dec-20,SWIFT,WARNING LAMP GLOWING STEERING HARD AND SPEEDOMETER NOT WORKING DUE TO ABS CONTROL MODULE INTERNAL FAILURE,59709,2/13/2025,2/13/2025
FTIR-14321,31-Aug-22,BALENO,"A3K415-CONTROLLER ASSY, CA FAILURE-CAMERAS NOT WORKING-MBHHWBA3S00187968-25B16303",30987,3/30/2025,2/25/2025
FTIR-14322,13-Feb-25,BALENO,UNABLE TO LOGIN ON SUZUKI CONNECT APPLICATION,400,3/4/2025,3/4/2025
FTIR-14339,28-Apr-22,BALENO,360 DEGREE CAMERA NOT WORKING DUE TO CONTROLLER ASSEMBLY CAMERA INTERNAL FAILURE,37157,3/27/2025,3/27/2025
FTIR-14360,27-Aug-20,XL6,media devices as per SystemAudio system Not Working,44113,4/19/2025,4/19/2025
FTIR-14376,15-May-24,INVICTO,Engine not starting with one key fob remote and engine vibrating steering wheel vibrating transmitter s assy smart key not detected in odo meter due to transmitter smart key and rhs engine mounting deective,12956,2/14/2025,2/14/2025
FTIR-14393,27-Oct-20,SWIFT,POWER STEERING NOT WORKING SPEEDOMETER NOT WORKING ABS AND MIL WARNING LAMP GLOWINGABS ACTUATOR ASSY COMPLAINT,66782,4/12/2025,4/12/2025
FTIR-14417,31-Jan-24,ERTIGA,ENGINE NOT STARTING,48465,3/9/2025,3/9/2025
FTIR-14434,2-May-22,BALENO,360 DEGREE CAMERA NOT WORKING DUE TO DEFFECTIVE CONTROLL ASSY CAMERA,42046,3/18/2025,3/18/2025
FTIR-14451,5-Jul-24,SWIFT,SDM MODULE CONTROLLER ASSYAB NOT WORKING,5676,4/3/2025,4/3/2025
FTIR-14459,31-Dec-21,CIAZ,ENGINE NOT STARTING DUE TO MGU ASSY DEFECTIVE,27146,4/21/2025,4/21/2025
FTIR-14465,12-Jul-23,CELERIO,ENGINE NOT STARTING DUE TO BATTERY CELL DAMAGE,26465,2/28/2025,2/28/2025
FTIR-14467,15-Jan-24,BREZZA,ENGINE NOT STARTING DUE BATTERY DEFECTIVE,19590,4/15/2025,4/15/2025
FTIR-14476,17-Dec-20,XL6,BATTERY GETTING DISCHARGED ENGINE NOT STARTING DUE TO MGU UNIT DEFECTIVE,33516,2/22/2025,2/22/2025
FTIR-14478,7-Dec-22,XL6,360 Deg view camera not working,34414,4/15/2025,4/15/2025
FTIR-14510,45360,XL6,VEHICLE NOT STARTING,29644,4/3/2025,4/3/2025
FTIR-14511,12-Aug-24,BREZZA,Charging socket not working we found wireless charger internally failure,5446,4/21/2025,4/21/2025
FTIR-14543,31-Dec-18,CIAZ,ENGINE NOT STARTING AND BATTERY CURRENT DROPPAGE DUE TO FAULTY MGU ASSY,23430,2/19/2025,2/19/2025
FTIR-14548,28-Jun-23,ERTIGA,VEHICLE NOT STARTING SOMETIME BATTERY CELL WEAK CHECK WITH TESTER REMARKS COMING TO REPLACE BATTERY SEND TO VENDOR EXIDE FOR FURTHER DIAGNOSIS,28660,3/21/2025,3/21/2025
FTIR-14550,24-Feb-21,ERTIGA,ENGINE NOT STARTING AND BATTERY CURRENT DROPPAGE DUE TO FAULTY MGU ASSY,29748,2/20/2025,2/20/2025
FTIR-14558,8-Mar-21,ERTIGA,AUTO STOP LIGHT BLINKING CENTER LOCK NOT WORKING THAT RESULT ALWAYSSHOWING DOOR OPENCONDITION DUE TO BCM NOT RESPONDING PROPERLY,12007,2/1/2025,2/1/2025
FTIR-14559,44194,XL6,vehicle not starting and battery getting discharge due to the defect of MGU assy,15777,2/25/2025,2/25/2025
FTIR-14573,30-Jul-24,WAGONR,vehicle reported to workshop for engine not starting sometimes,40932,4/26/2025,4/26/2025
FTIR-14585,24-Dec-22,BREZZA,MUSIC SYSTEM TOUCH NOT WORKING SOMETIME AND AUTOMATIC WORKING DUE TO DEFECTIVE SYSTEM,39642,3/29/2025,3/29/2025
FTIR-14604,7-Jun-24,BREZZA,Vehicle not starting and battery got discharging due to battery found defective,15854,3/20/2025,3/20/2025
FTIR-14616,44116,VITARA,Vehicle received with the complaint of vehicle not starting intermediately and battery getting discharged due to defect of MGU assy,17668,2/19/2025,2/19/2025
FTIR-14618,17-Feb-23,GRAND,Engine not starting issue due to defective exide battery,27498,2/3/2025,2/3/2025
FTIR-14621,25-Oct-22,IGNIS,Controller assy park SNSR not working warning light glowing on cluster meter,3774,4/2/2025,4/2/2025
FTIR-14626,25-May-22,BALENO,customer was having issue about 360 camera not working,27718,3/28/2025,3/28/2025
FTIR-14637,18-Dec-20,S-PRESSO,Vehicle not starting in some time,47141,4/22/2025,4/22/2025
FTIR-14646,23-Feb-22,WAGONR,ENGINE NOT STARTING,84420,4/3/2025,4/3/2025
FTIR-14653,18-Feb-23,GRAND,Suzuki connect not working DCM,24254,3/21/2025,3/21/2025
FTIR-14654,31-Dec-22,GRAND,SUZUKI CONNECT NOT WORKING DUE TO CONTROLLER ASSYDATA COMMU DEFECT,62365,2/13/2025,2/13/2025
FTIR-14660,25-Apr-19,ERTIGA,We received a vehicle bearing REG no KL29T0829 MARUTI ERTIGA SMART for a vehicle not starting after 2 or more days of parking Found battery discharged No warning lamp glowing As per customer voice vehicle getting discharge,41309,3/20/2025,3/18/2025
FTIR-14661,27-May-24,SWIFT,VEHICLE NOT STARTING DUE TO BATTERY ASSY HAS DEFECTED,21168,2/14/2025,2/14/2025
FTIR-14674,15-Dec-20,VITARA,REVERSE ALARAM NOT WORKING DEU TO FAULTY CONTROLLER ASSY PARK SENCER AND SENCER ASSY PARK,33793,2/7/2025,2/7/2025
FTIR-14705,18-Nov-23,GRAND,vehicle not starting,37900,2/4/2025,2/4/2025
FTIR-14717,16-Jan-21,SWIFT,Central locking not working due to part defective bcm,57019,4/6/2025,4/6/2025
FTIR-14731,28-Apr-23,SWIFT,VEHICLE NOT STARTING DEFECT PART IS ENGINE BATTERY,19907,4/3/2025,4/3/2025
FTIR-14749,21-Jul-20,CIAZ,Vehicle not starting and MIL light glowing and A off light blinking due to pack assy battery found defective,78408,4/23/2025,4/23/2025
FTIR-14786,18-Jun-21,VITARA,Vehicle not starting Due to MGU unit Failure,27731,2/12/2025,2/12/2025
FTIR-14798,29-Jul-21,ERTIGA,VEHICLE REPORTED HERE WITH COMPLAINT OF ENGINE NOT STARTING DUE TO BATTERY DOWN WE CHECKED AND FOUND BATTERY FULLY DISCHARGED DUE TO CURRENT LEAKAGE FROM MGU,24692,2/18/2025,2/17/2025
FTIR-14811,29-Dec-18,CIAZ,Vehicle not starting after parking for three days due to the defect of MGU unit,25473,2/25/2025,2/25/2025
FTIR-14820,30-Jan-19,ERTIGA,VEHICLE NOT STARTING AFTER SOME DAYS OF PARKING PROBLEM WITH MGU ASSY,24752,2/18/2025,2/18/2025
FTIR-14821,19-Aug-22,BALENO,DCM IS NOT WORKING,9763,3/18/2025,3/18/2025
FTIR-14859,20-Mar-24,ERTIGA,smart hybrid not working due to lithium ion battry discharging issue battry not charging due to the issue hybrid system not working,5185,4/10/2025,4/10/2025
FTIR-14864,21-Sep-24,BREZZA,engine not starting due to defective TCM,2063,3/4/2025,3/4/2025
FTIR-14867,18-Oct-22,XL6,STEREO DISPLAY TOUCH NOT WORKING AND OPTION AUTOMATICALLY CHANGED DUE TO STEREO UNIT NEEDS REPAIR,24413,4/26/2025,4/26/2025
FTIR-14873,22-Aug-24,BALENO,Reverse parking assist system and reverse alarm not working while reversing due to the defect of Controller assy Park sensor,11494,3/8/2025,3/8/2025
FTIR-14881,44079,VITARA,REVERSE ALARM NOT WORKING DUE TO CONTROLLER ASSY PARK SENSOR AND CENTER RH CENTER LH SENSOR ASSY PARK DEFECTIVE,27754,3/6/2025,3/6/2025
FTIR-14898,23-Dec-23,XL6,MGU ASSY WAS NOT WORKING PROPERLY,20280,3/18/2025,3/18/2025
FTIR-14904,25-Jul-23,GRAND,BATTERY AND A STOP WARNING LAMP GLOWING VEHICLE NOT STARTING,41374,2/5/2025,2/5/2025
FTIR-14914,12-May-20,XL6,Stereo not responding due to defective stereo assy,54186,2/11/2025,2/11/2025
FTIR-14915,31-Aug-21,CIAZ,ENGINE NOT STARTING,33228,4/8/2025,4/8/2025
FTIR-14928,30-Jun-21,VITARA,INDICATOR LIGHT NOT WORKING DUE TO BCM DEFECTIVE,27931,4/22/2025,4/22/2025
FTIR-14934,31-Jan-24,Baleno,​​Ignis (YJA) - Threats related to information leakage and remote code execution via vehicle Bluetooth communications,61349,3/8/2025,3/8/2025
FTIR-14949,45281,BALENO,SUZUKI CONNECT NOT WORKING AND WRONG DISPLEY,8234,3/24/2025,3/24/2025
FTIR-14998,4-Mar-23,WAGONR,VEHICLE REPORTED TO WORKSHOP FOR ENGINE NOT STARTING CONCERN DUE TO PROBLEM WITH BATTERY,39995,4/26/2025,4/26/2025
FTIR-15005,30-Jan-21,ERTIGA,ENGINE NOT STARTING VEHICLE IDEALLY STOPPED THREE TO FOUR DAYS DUE TO MGU ASSY DEFECTED,38487,3/12/2025,2/13/2025
FTIR-15024,31-Mar-24,CELERIO,ENGINE NOT STARTING,26244,2/14/2025,2/14/2025
FTIR-15037,16-Aug-19,ERTIGA,engine not starting at the same time battery getting discharge up on our detailed inspection mgu assy defect replaced consen pard and problem solved,23132,2/24/2025,2/24/2025
FTIR-15070,5-Nov-23,ERTIGA,ENGINE NOT STARTING DUE BATTERY FOUND DEFECTIVE,29740,2/28/2025,2/28/2025
FTIR-15095,3-Apr-24,FRONX,SPEEDO METER NOT WORKING,23601,3/20/2025,3/20/2025
FTIR-15098,10-Apr-22,BALENO,custoomer complaint 360 view camera not working,29200,3/19/2025,3/18/2025
FTIR-15100,30-Jul-20,SWIFT,Steering is hard with glowing of ABS MIL BRAKE SYSTEM warning light due to defective of ABS actuator assy,28654,3/22/2025,3/22/2025
FTIR-15119,15-Dec-23,BREZZA,ENGINE NOT STARTING DUE BATTERY DEFECTIVE,34717,4/26/2025,4/26/2025
FTIR-15132,45336,BREZZA,The customer has reported that the wireless charger in their Brezza is unable to charge their phone properly Instead it appears to drain the phone battery,11830,2/12/2025,2/12/2025
FTIR-15135,10-Jan-23,GRAND,"Vehicle reported with 360 view camera stop working suddenlyafter we check with sdt dtc found ""B1D0004 INTERNAL CONTROL MODULE ERROR"" as per dtc we are diagnosis with the help of service manual found that the problem occur",12027,3/9/2025,3/9/2025
FTIR-15150,45336,BREZZA,as per the customer his wireless charger not working properly,17900,4/4/2025,4/4/2025
FTIR-15170,30-Apr-21,BALENO,STEREO NOT WORKING STEREO OPERATING AUTOMATICALLY DUE TO STEREO PROBLEM,15187,2/24/2025,2/24/2025
FTIR-15174,12-Feb-23,GRAND,wireless charger some time not working due to charger assy defective,19740,3/16/2025,3/16/2025
FTIR-15205,21-May-24,BALENO,Engine not starting battery issue,11650,3/5/2025,3/5/2025
FTIR-15218,45028,BREZZA,WIRELESS CHARGING SUCKET NOT WORKING,14196,2/28/2025,2/28/2025
FTIR-15233,12-Jul-20,VITARA,DRL INDICATOR BOTH SIDE NOT WORKING WE HAVE CHECKED CONTROLLER ASSY BODY ELEC AND FOUND IT DEFECTIVE,34254,3/12/2025,3/12/2025
FTIR-15286,14-Apr-23,IGNIS,VEHICLE REPORTED WORKSHOP FOR ENGINE NOT STARTING DUE TO PROBLEM WITH BATTERY,16264,4/19/2025,4/19/2025
FTIR-15303,6-Jun-20,ERTIGA,vehicle not starting batery geting discharged MGU assy need to replace,12758,2/27/2025,2/25/2025
FTIR-15306,44225,VITARA,Reverse alarm not working due to defective controller assy park,30266,3/18/2025,3/18/2025
FTIR-15308,20-Nov-20,BALENO,Observed tuner Touch is not working Due to the internal defect in NATSA infotainment system problem has been occurring The Concern system we have inspected another OK good vehicle Similar findings Touch is not working The,19773,2/25/2025,2/25/2025
FTIR-15314,20-Dec-24,FRONX,ENGINE NOT STARTING DUE TO BATTERY CELL DAMAGE,1109,2/26/2025,2/22/2025
FTIR-15320,8-Aug-23,FRONX,problem of indication of MIL and ABS glowing Hill hold and traction not working,27014,4/28/2025,4/28/2025
FTIR-15340,21-Oct-19,XL6,Vehicle received with the complaint of vehicle not starting intermediately and battery getting discharged due to defect of MGU assy,103212,2/22/2025,2/22/2025
FTIR-15360,0,FRONX,The vehicle reports an issue of air bag warning displayed in instrument cluster The problem is related to a defective air bag module,42,3/5/2025,3/5/2025
FTIR-15366,10-Feb-21,ERTIGA,Vehicle not starting and battery getting discharged due to defective MGU assy,40381,2/15/2025,2/15/2025
FTIR-15404,4-Dec-20,BALENO,ABS Handbrake Engine MIL ON steering hard,10848,3/26/2025,3/26/2025
FTIR-15413,28-Feb-25,BALENO,360 degree camera is not working,14000,2/28/2025,2/28/2025
FTIR-15416,30-Jan-24,CELERIO,steering hard and ABS MIL handbrake and power steering warning light glowing continuouslydue to defrctive ABS actuator unit,9971,3/12/2025,3/12/2025
FTIR-15427,17-Nov-20,SWIFT,ABS warning light glowing and power steering not working because of defective ABS actuator assy,16885,3/4/2025,3/4/2025
FTIR-15447,22-Jun-20,BALENO,ABS steering and hand brake malfuction light glowing continuosly inspected and found defctive ABS Actuator assy,43171,3/23/2025,3/23/2025
FTIR-15456,20-Jun-24,WAGONR,VEHICLE NOT STARTING SOMETIME BATTERY CELL WEAK CHECK WITH TESTER REMARKS COMING TO REPLACE BATTERY SEND TO VENDOR EXIDE FOR FURTHER DIAGNOSIS,36240,3/11/2025,3/11/2025
FTIR-15473,12-Dec-19,XL6,ENGINE NOT STARTING AND BATTERY CURRENT DROPPAGE DUE TO FAULTY MGU ASSY,40074,2/24/2025,2/24/2025
FTIR-15491,23-Jan-21,SWIFT,WARNING LIGHT GLOWING ABSSRSBRAKE DTC CODE APPEARED U0121 LOST COMMINUCATION WITH ABSESP CONTROL MODULE DUE TO ABS CONTROL MODULE NOT RESPONDING PROPERLY THAT RESULT WARNING LIGHT GLOWING STEERING GETTING HARD,28296,2/19/2025,2/19/2025
FTIR-15518,27-Jan-21,XL6,Engine not starting battery getting discharge after 1st to 3rd days we check not found current leakage from MGU assy but DTC found P1A0B00 replaced MGU problem got resolved,23559,4/1/2025,4/1/2025
FTIR-15551,0,BREZZA,ENGINE NOT STARTING DUE TO DEFECTIVE ECM ASSY,8,4/8/2025,4/8/2025
FTIR-15558,16-May-22,ERTIGA,A OFF LIGHT IS BLINKING SHVS SYSTEM IS NOT WORKING DUE TO LITHIUM ION BATTERY DEFECTIVE,64125,2/18/2025,2/18/2025
FTIR-15563,18-Jul-20,ERTIGA,customer complaint is vehicle not starting battery getting dischargeworkshop observation is mgu complaint,28652,3/4/2025,3/4/2025
FTIR-15599,10-Aug-18,CIAZ,VEHICLE START AND STOP AFTER SOME TIME AUTOMATICALLY,21379,2/25/2025,2/25/2025
FTIR-15606,27-Jul-22,BALENO,stereo not responding touch not working stereo complaint,35861,3/6/2025,3/6/2025
FTIR-15608,6-Mar-21,S-PRESSO,ENGINE NOT STARTING,9683,2/24/2025,2/24/2025
FTIR-15631,7-May-24,GRAND,VEHICLE NOT STARTING,14074,4/1/2025,4/1/2025
FTIR-15637,31-Dec-24,GRAND,Urban Cruiser Hyryder [FG2312A] Vehicle not starting due to fuel level wrong indication by combination meter.,124,2/28/2025,1/31/2025
FTIR-15643,28-Apr-21,Vitara,Mitsubishi Electric Engine Controller Unauthorized Modification,73623,3/8/2025,3/8/2025
FTIR-15646,23-Apr-19,ERTIGA,ENGINE NOT STARTING WHEN VEHICLE PARKED FOR 4 OR MORE DAYS MGU ASSY TO BE DEFECTIVE,45667,2/26/2025,2/26/2025
FTIR-15662,14-Jan-19,CIAZ,The AUTO STOP warning lamp Glowing and Battery getting dischargedd condition due to defective of motor,33537,4/4/2025,4/4/2025
FTIR-15690,15-Jan-25,BALENO,ENGINE NOT STARTING,2341,3/11/2025,3/11/2025
FTIR-15695,24-Dec-24,XL6,the Csutomer reported an vehicle not starting issue with the vehicle,3490,3/18/2025,3/18/2025
FTIR-15722,28-Oct-24,ALTO,DICKY NOT OPEN THROUGH KEY DUE TO STEERING LOCK SET ASSY FOUND DEFECTIVE,3398,2/5/2025,2/5/2025
FTIR-15740,12-May-23,BREZZA,VEHICLE NOT STARTING SOMETIME BATTERY CELL WEAK CHECK WITH TESTER REMARKS COMING TO REPLACE BATTERY SEND TO VENDOR EXIDE FOR FURTHER DIAGNOSIS,14859,4/6/2025,4/6/2025
FTIR-15742,16-Jun-22,BALENO,Stereo Touch Not working intermittentlyAnd touch working automaticallyWith out touching,25225,2/1/2025,2/1/2025
FTIR-15768,21-Mar-23,S-PRESSO,controller assy not working,13301,3/18/2025,3/18/2025
FTIR-15772,29-May-23,XL6,VEHICLE NOT STARTING SOMETIME BATTERY CELL WEAK CHECK WITH TESTER REMARKS COMING TO REPLACE BATTERY SEND TO VENDOR EXIDE FOR FURTHER DIAGNOSIS,39289,3/11/2025,3/11/2025
FTIR-15773,29-Mar-23,SWIFT,some time Hard to remove key its remains stuck due to defective steering lock set,30641,3/4/2025,3/4/2025
FTIR-15774,27-May-24,ERTIGA,Rumion [K15CR] Auto start-stop function inoperative and MIL also glowing in combination due to defective LI ion Battery [multiple Pseries DTCs],3360,2/28/2025,2/2/2025
FTIR-15784,44869,BALENO,Camera not working,33670,2/15/2025,2/15/2025
FTIR-15834,24-Nov-24,SWIFT,VEHICLE NOT STARTING AT MORNING TIME. BATTERY DRAIN OVER NIGHT,2261,4/20/2025,3/22/2025
FTIR-15856,45259,ERTIGA,vehicle not starting due to defective battery,39417,3/24/2025,3/24/2025
FTIR-15859,31-Oct-24,XL6,service connect shown in cluster meter suzuki connet not working,6114,4/7/2025,4/7/2025
FTIR-15860,22-Dec-22,BALENO,"Toyota Glanza [K12N24] Audio system display screen stuck due to defective Reciever Assy, Radio [No DTC]",13556,3/19/2025,2/5/2025
FTIR-15875,10-Sep-21,XL6,engine not starting and mil light glowing,80477,4/23/2025,4/23/2025
FTIR-15876,20-Sep-21,ERTIGA,ENGINE NOT STARTING MGU ASSY,49123,4/25/2025,4/24/2025
FTIR-15901,26-May-23,CELERIO,vehicle running time ABSESP light a stop light and mil light glowing due to abs actuator assy dffective,30990,2/17/2025,2/17/2025
FTIR-15911,18-Aug-22,BREZZA,As per customer voice during checking found that starting music Selfblinking2touch screen is some time not working 3 No Bluetooth connected with any mobile,9085,2/22/2025,2/22/2025
FTIR-15921,10-Feb-25,SWIFT,ENGINE NOT STARTING,2024,4/4/2025,4/4/2025
FTIR-15940,30-Dec-19,XL6,before ftir no 19011901242538 UNDER WARRANTEY ISSUE A OFF LIGHT BLINKINGIDLE AUTO STARTSTOP NOT WORKING due to lithium ion battery defective,58902,4/17/2025,4/17/2025
FTIR-15945,31-Aug-21,BALENO,ABS Steering and Brake light glowing on cluster and Steering hard to operate Due to defective Actuator Assy ABS,26376,4/19/2025,4/19/2025
FTIR-15952,30-Apr-22,BALENO,reverse camera not working,12094,2/4/2025,2/4/2025
FTIR-15962,9-May-23,BREZZA,Running Time Engine Jerking Defect part ECM,13343,3/17/2025,3/17/2025
FTIR-15973,27-Dec-21,XL6,VEHICLE NOT STARTING DUE TO DISCHARGED BATTERY AS THE CURRENT DRAINS IN MGU,21733,3/14/2025,3/14/2025
FTIR-16013,21-Jul-23,GRAND,Vehicle not starting BAttery geeting discharged,23917,3/24/2025,3/24/2025
FTIR-16019,45150,BALENO,WHILE DRIVING SUZUKI NOT WORKING DEFECTIVE PART DCM,15673,2/6/2025,2/5/2025
FTIR-16022,10-Jun-24,ERTIGA,AUTO STOP LIGHT BLINKING DUE TO LITHIUM ION BATTERY DEFECTIVE,5933,2/19/2025,2/19/2025
FTIR-16045,10-Jun-21,S-PRESSO,ENGINE NOT STARTING DUE TO MGU ASSY NEED CHANGE,26199,2/23/2025,2/23/2025
FTIR-16046,12-Jul-24,FRONX,VEHICLE NOT STARTING AND AUTOMATIVE GEAR LIGHT BLINKINGDTC CODE FOUND U0204B1B150A13 DUE TO ABS ACTUATOR ASSY FAULTY,12120,3/2/2025,3/2/2025
FTIR-16052,26-Sep-19,CIAZ,THE VEHICLE DOES NOT STARTING IF UNUSED FOR 3 TO 4 DAYS DUE TO MGU ASSEMBLY,36639,3/6/2025,3/6/2025
FTIR-16087,27-Oct-23,BREZZA,VEHICLE NOT STARTING SOMETIME BATTERY CELL WEAK CHECK WITH TESTER REMARKS COMING TO REPLACE BATTERY SEND TO VENDOR EXIDE FOR FURTHER DIAGNOSIS,31362,3/1/2025,3/1/2025
FTIR-16108,29-Mar-24,WAGONR,Vehicle recived By Towing For Vehicle not starting Issue,5378,2/13/2025,2/12/2025
FTIR-16126,4-Mar-23,BREZZA,WARNING LIGHT GLOWING AND VEHICLE NOT STARTING SOME TIMES LI ION BATTERY DEFFECTIVE,26208,4/17/2025,4/17/2025
FTIR-16127,31-Jul-24,SWIFT,VEHICLE RUNNING TIME RPM FLUCTUATION DUE TO DEFICTIVE PARTS ECM,15170,3/19/2025,3/19/2025
FTIR-16131,29-Aug-23,INVICTO,ENGINE NOT STARTING BATTERY GETTING DISCHARGED AMARON DIN50 BATTERY,21859,4/18/2025,4/18/2025
FTIR-16137,22-Apr-24,Vitara,"YW6: The vehicle was stolen and recovered by the police (the passenger window, steering lock and key cylinder were destroyed, and the ECM was missing).",73761,4/10/2025,2/20/2025
FTIR-16143,2-May-24,SWIFT,CUSTOMER CAME WITH A PROBLEM OF CNG MODE IS NOT SWITCH AUTOMATIC OR SWITCHING OF FUEL MODE FUEL TO CNG IS NOT WORKING PROPERLY,39565,3/9/2025,3/9/2025
FTIR-16152,27-Aug-24,GRAND,wireless charger getting cut off after 5min when phone is kept for charging due to thye defect of wireless charger assy,21729,3/3/2025,3/3/2025
FTIR-16162,31-Aug-24,ERTIGA,A OFF LIGHT IS BLINKING SHVS SYSTEM IS NOT WORKING DUE TO LITHIUM ION BATTERY IS DEFECTIVE,21293,4/1/2025,4/1/2025
FTIR-16163,2-May-22,BALENO,360 DEGREE CAMERA NOT WORKING DUE TO DEFFECTIVE CONTROLL ASSY CAMERA,42046,3/18/2025,3/18/2025
FTIR-16177,31-Dec-21,XL6,vechle not starting mgu assy,29533,3/27/2025,3/27/2025
FTIR-16185,19-Mar-22,XL6,Vehicle not starting and battery getting discharged due to defective MGU assy,25410,2/12/2025,2/12/2025
FTIR-16186,24-Jul-20,VITARA,The revers alarm does not working properly due to the defective of CONTROLLER ASSY PARK SNSR Internal faulty,68822,2/17/2025,2/17/2025
FTIR-16191,6-Aug-22,CELERIO,Engine not starting due to defective ECM,60264,3/12/2025,3/12/2025
FTIR-16220,45209,Vitara,​​Ignis (YJC) Suzuki Connect App Vulnerability,63633,4/10/2025,2/20/2025
FTIR-16231,26-Dec-23,FRONX,ABS LIGHT GLOWING AND SPEEDO METER NOT WORKING IN CLUSTER METER ACTUATOR ASSY,10989,2/11/2025,2/11/2025
FTIR-16240,13-Jun-20,S-PRESSO,REVERSE ALARM NOT WORKING DUE TO FAULTY CONTROLLER ASSY PARKING AND SENSOR ASSY PARK,45465,2/27/2025,2/27/2025
FTIR-16242,30-Oct-20,VITARA,Customer complaint turn indicators switch on time front both side headlight indicator not working and sdt connectedNo dtc code found and BCM assy is deffective,33414,2/18/2025,2/18/2025
FTIR-16265,16-Mar-23,CIAZ,VEHICLE NOT STARTING DUE TO ISG FAILURE,12061,2/12/2025,2/12/2025
FTIR-16276,28-Dec-19,CIAZ,Vehicle not starting sub battery getting drained due to MGU internal failure,53827,2/28/2025,2/24/2025
FTIR-16289,20-May-24,SWIFT,CUSTOMER CONCERN AC NOT EFFECTIVE AND WORKSHOP OBSERVED CHECK SDT 2 AND FOUND CODE P0533 AC REFRIGAMENT PRESSURE SENSOR A CIRCUIT HIGH STATUS IN CURRENT INTERNAL FAILURE AND DEFECTIVE,25597,2/10/2025,2/10/2025
FTIR-16305,29-Sep-20,XL6,As per customer consrn some time engine not starting warning light glowing,87881,3/28/2025,3/28/2025
FTIR-16328,31-Aug-23,SWIFT,VEHICLE NOT STARTING SOMETIME BATTERY CELL WEAK CHECK WITH TESTER REMARKS COMING TO REPLACE BATTERY SEND TO VENDOR EXIDE FOR FURTHER DIAGNOSIS,29561,4/1/2025,4/1/2025
FTIR-16350,11-Mar-20,ERTIGA,The AUTO STOP warning lamp Glowing and Battery getting dischargedd condition due to defective of motor generator assy MGU Internal faulty condition,18198,2/24/2025,2/24/2025
FTIR-16351,30-Jan-25,SWIFT,engine not starting,2669,3/8/2025,3/7/2025
FTIR-16362,8-Sep-20,S-PRESSO,Vehicle not starting sub battery getting drained due to MGU internal failure,39323,4/26/2025,4/26/2025
FTIR-16365,31-May-19,CIAZ,customer reported in workshop with auto off not working due to defective lithium ion battery,35568,2/6/2025,2/6/2025
FTIR-16384,25-Nov-20,ERTIGA,Vehicle not starting and ABS and brake warning light continually glowing due to defective ABS actuator unit,23708,4/5/2025,4/5/2025
FTIR-16387,29-Mar-22,WAGONR,steering hard abs light and mil light glowing acutator assy abs,18364,3/21/2025,3/21/2025
FTIR-16407,31-Mar-25,ERTIGA,Engine check lamp and tranction control warning light glowing and vehicle not starting,10,4/2/2025,4/1/2025
FTIR-16412,28-Sep-20,XL6,Vehicle not starting after parking for three days due to the defect of MGU unit,41795,2/22/2025,2/22/2025
FTIR-16413,44765,BALENO,stere touch screen not working properly due to internal failure,51704,4/21/2025,4/21/2025
FTIR-16422,17-Aug-20,XL6,vehicle not starting battery disharging quickly,15850,2/11/2025,2/11/2025
FTIR-16426,9-Jun-22,ERTIGA,AUTOSTOP NOT WORKING WITH A DTC CODE OF POA7D00 DUE TO LI BATTERY CHARGING NOT HAPPENING,59511,2/22/2025,2/22/2025
FTIR-16436,30-Jun-20,ERTIGA,battery getting discharge intermittently is due to the compaint of MGUASSY,38315,3/26/2025,3/26/2025
FTIR-16447,30-Jan-21,SWIFT,ABS MIL Hand Brake and Transmission warning light glowing due to the defective of ACTUATOR ASSY ABS and need to replace,55009,2/25/2025,2/25/2025
FTIR-16449,29-Jul-21,BALENO,Harman infotainment system screen touch not working reverse camera not working and also speaker not working due to some internal defect in Harman system,17556,3/29/2025,3/29/2025
FTIR-16452,5-Apr-22,CIAZ,EngAStopOff light and Auxiliary Light glowing After diagnose we found some DTC's P1374 P1375,38142,4/28/2025,4/28/2025
FTIR-16470,26-Sep-23,SWIFT,ENGINE NOT STARTING DUE TO BATTERY CELL DAMAGE,30786,2/25/2025,2/25/2025
FTIR-16471,44560,XL6,vehicle not starting and battery getting discharge due to the defect of MGU assy,17695,3/5/2025,3/5/2025
FTIR-16472,22-Feb-20,XL6,Vehicle not starting after parking for three days due to the defect of MGU unit,36634,4/19/2025,4/19/2025
FTIR-16475,16-Dec-23,CELERIO,absbrake mil warning light glowing,6736,4/16/2025,4/16/2025
FTIR-16477,44151,CIAZ,CUSTOMER CONCERN SHVS NOT WORKING AND A OFF LIGHT GLOWING DUE TO LITHIUM ION BATTERY INTERNAL DEFECTIVE,77092,3/1/2025,3/1/2025
FTIR-16499,26-Apr-23,XL6,360 DEGREE CAMARA NOT WORKING CHECK FOUND CAMARA CONTROLLER MODULE ASSY FAULTY,45429,2/28/2025,2/28/2025
FTIR-16510,45009,WAGONR,Reverse Alaram not working due to defective of controller assy park sensor,11676,4/8/2025,4/8/2025
FTIR-16527,28-Feb-25,SUPER CARRY ,KEY WARNING LIGHT GLOWING CONTIUOUSLY DUE TO STEERING LOCK SET DEFECTIVE,10,2/5/2025,2/5/2025
FTIR-16561,31-May-23,IGNIS,During inspection found vechile engine not starting due to defective Amaron battery,60748,3/20/2025,3/20/2025
FTIR-16595,28-Jan-21,SWIFT,STEERING HARD ABS LIGHT BRAKE LIGHT GLOWING ACTUATOR ASSY ABS,6671,3/8/2025,3/8/2025
FTIR-16596,3-Mar-21,VITARA,reverse gear shifting time park sensor alarm not working park sensor controller assy not working properly,64981,4/9/2025,4/9/2025
FTIR-16625,31-May-24,FRONX,Urban Cruiser Taisor [K10TR] Vehicle not starting and service ESP system warning message displayed due to defective HUD Assy [multiple U series DTCs],7890,2/28/2025,1/31/2025
FTIR-16645,30-Nov-24,GRAND,"UC HYRYDER (FGB329M) WIRELESS CHARGER NOT WORKING DUE TO INTERNAL DEFECT IN CRADLE ASSY, MOBILE WIRELESS CHARGER.",1165,3/19/2025,2/6/2025
FTIR-16650,15-May-20,ERTIGA,Vehicle not starting Due to MGU unit Failure,21432,2/28/2025,2/28/2025
FTIR-16656,27-Sep-19,ERTIGA,Vehicle received with the complaint of vehicle not starting intermediately and battery getting discharged due to defect of MGU assy,19320,3/27/2025,3/27/2025
FTIR-16672,30-Jun-21,BALENO,Intermittently Steering is hard with glowing of ABS MIL BRAKE SYSTEM and POWER STEERING warning light due to defective of ABS actuator assy,35616,2/20/2025,2/20/2025
FTIR-16704,28-Apr-23,S-PRESSO,ENGINE NOT STARTING CHECKED BATTERY PROBLEM,5245,3/13/2025,3/13/2025
FTIR-16740,30-Dec-20,BALENO,stereo not working Touch screen of tuner assembly is not responding not working,21591,3/31/2025,3/31/2025
FTIR-16781,15-Jun-23,BREZZA,VEHICLE NOT STARTING BATTERY FAULTY,25327,4/23/2025,4/23/2025
FTIR-16788,44272,ERTIGA,Vehicle not starting and battery getting discharged due to defective MGU assy,45547,2/26/2025,2/26/2025
FTIR-16795,21-Oct-19,XL6,ENGINE NOT STARTING VEHICLE IDEALLY STOPPED THREE TO FOUR DAYS DUE TO MGU ASSY DEFECTED,54903,4/8/2025,4/8/2025
FTIR-16829,19-Feb-21,XL6,Customer found vehicle not starting and the battery gets discharged due to defective MGU assy,31281,3/21/2025,3/21/2025
FTIR-16834,9-Apr-24,GRAND,SOME TIME 360 VIEW AND REVERSE CAMERA AND HEAD LAMP NOT WORKING AND REPROGRAMMING ERROR SHOWN IN SPEEDOMETER DUE TO CAMERA CONTROLLER ASSY FOUND DEFECTIVE,35472,4/6/2025,4/6/2025
FTIR-16868,29-Sep-23,EECO,Engine not starting due to the defect of EPI Controller assy,30110,2/25/2025,2/25/2025
FTIR-16879,20-Jun-19,ERTIGA,THE VEHICLE DOES NOT STARTING IF UNUSED FOR 3 TO 4 DAYS DUE TO MGU ASSY,43589,2/1/2025,2/1/2025
FTIR-16891,15-Feb-21,ERTIGA,Engine not starting sometimes due to voltage drop in primary battery due to defective MGU unit,47139,3/7/2025,3/7/2025
FTIR-16899,17-Jan-25,FRONX,Vehicle not starting due to primary battery,860,2/19/2025,2/19/2025
FTIR-16910,23-Dec-24,SWIFT,ENGINE NOT STARTING BATTERY DEFECTIVE,8736,4/25/2025,4/25/2025
FTIR-16915,29-Dec-23,WAGONR,engine not starting,36171,3/13/2025,3/12/2025
FTIR-16926,14-Nov-23,SWIFT,LH side Front and Rear indicator not working Controller assy body electric need to replace,1769,3/1/2025,3/1/2025
FTIR-16933,8-Dec-22,CIAZ,VEHICLE NOT STARTING DUE TO MG UNIT NOT WORKING,20645,3/14/2025,3/14/2025
FTIR-16935,19-Feb-21,SWIFT,POWER STEERING NOT WORKING SPEEDOMETER NOT WORKING ABS AND MIL WARNING LAMP GLOWINGABS ACTUATOR ASSY COMPLAINT,34359,3/19/2025,3/19/2025
FTIR-16941,25-Aug-23,XL6,Engien not starting issue due to Lithium Ion Battery issue,9016,2/17/2025,2/17/2025
FTIR-16947,12-Dec-22,ALTO,ABS BRAKE NOT WORKING DUE TO ACTUATOR ASSY ABS NOT WORKING,29871,4/24/2025,4/24/2025
FTIR-16953,44710,S-PRESSO,Reverse alarm not working due to defective sensor assy park and controller assy park,26478,4/8/2025,4/8/2025
FTIR-16958,31-May-22,XL6,Vehicle reported in work shop for auto stop light A show in cluster meter we check DTC found DTC P1B9000 Aux power module Relay 1 circuit high as per DTC we check Wiring Harness Fusses Relays Battery Volts check found ok Th,58934,2/18/2025,2/18/2025
FTIR-16969,19-Dec-20,ERTIGA,ENGINE NOT STARTING DUE TO MGU ASSY DEFECTIVE,47594,4/25/2025,4/25/2025
FTIR-16983,22-Apr-21,BALENO,Stereo touch screen not responding due to defective stereo assy,18906,2/26/2025,2/26/2025
FTIR-16997,31-Aug-21,S-PRESSO,engine not starting due to defective battery,13948,2/25/2025,2/25/2025
FTIR-17000,29-Mar-24,WAGONR,Vehicle not starting Issue,5378,2/14/2025,2/12/2025
FTIR-17007,17-Jun-24,WAGONR,VEHICLE REPORTED WORKSHOP FOR VEHICLE NOT STARTING DUE TO PROBLEM WITH BATTERY,33175,4/17/2025,4/17/2025
FTIR-17052,21-Mar-22,BALENO,360 degree camera and reverse camera not working due to controller module faulty mention in MTNL Aug'24,97995,2/3/2025,2/3/2025
FTIR-17055,15-Jan-25,SWIFT,Wireless charger not working while mobile charging time we check Wireless charging Mobile connect and charging show but charging percent not growth after diagnose wireless charger defective,363,3/1/2025,3/1/2025
FTIR-17060,18-Dec-18,CIAZ,Vehicle not starting after parking for three days due to the defect of MGU unit,15970,2/25/2025,2/25/2025
FTIR-17078,21-Jan-21,ERTIGA,WHILE RUNNING TIME VEHICLE OFF AND A OFF LIGHT BLINGING AND SOME TIME VEHICLE NOT STARTING TO LITHION BATTERY DEFECT,70043,3/18/2025,3/18/2025
FTIR-17121,21-Mar-23,S-PRESSO,controller assy not working,13301,3/18/2025,3/18/2025
FTIR-17161,12-Jul-23,INVICTO,ENGINE NOT STARTING,11986,3/30/2025,3/30/2025
FTIR-17188,29-Jul-24,BREZZA,VEHICLE NOT STARTING SOMETIME BATTERY CELL WEAK CHECK WITH TESTER REMARKS COMING TO REPLACE BATTERY SEND TO VENDOR EXIDE FOR FURTHER DIAGNOSIS,6724,3/11/2025,3/11/2025
FTIR-17216,19-Jun-23,SWIFT,vehicle is reported to workshop for stereo system USB AND BLUETOOTH not working,16870,4/24/2025,4/24/2025
FTIR-17220,6-Mar-19,ERTIGA,Vehicle received with the complaint of vehicle not starting intermediately and battery getting discharged due to defect of MGU assy,39555,3/19/2025,3/19/2025
FTIR-17223,44193,XL6,Battery warning lamp glowing after starting and vehicle not starting while starting due to the defect of alternator out put low,27670,2/15/2025,2/15/2025
FTIR-17226,18-Aug-21,ERTIGA,ENGINE ASTOP function light indicate on speedometer due to Park Assy Battery with dtc code,20206,2/24/2025,2/24/2025
FTIR-17246,14-Mar-20,S-PRESSO,VEHICLE NOT STARTING DUE TO DEFECTIVE BATTERY ASSEMBLY,27525,4/17/2025,4/17/2025
FTIR-17251,25-May-22,BALENO,CAMERA NOT WORKING,7700,2/5/2025,1/22/2025
FTIR-17268,25-Nov-20,ERTIGA,Vehicle received with the complaint of vehicle not starting intermediately and battery getting discharged due to defect of MGU assy,27058,2/22/2025,2/22/2025
FTIR-17330,24-Oct-24,BREZZA,WIRELESS CHARGER NOT WORKING,6065,4/14/2025,4/14/2025
FTIR-17333,31-Dec-24,GRAND,ENGINE NOT STARTING AND BATTERY GETTING DISCHARGE DUE TO BATTERY CELL FOUND WEAK AND DEFECTIVE,1224,2/15/2025,2/15/2025
FTIR-17337,12-Feb-23,ALTO,ENGINE NOT STARTING,20233,2/11/2025,2/11/2025
FTIR-17360,25-Jan-24,ERTIGA,speedo meter parking light not working,25219,4/7/2025,4/7/2025
FTIR-17364,30-Aug-19,XL6,Vehicle not starting sub battery getting drained due to MGU internal failure,60700,2/28/2025,2/28/2025
FTIR-17385,22-Sep-20,XL6,The AUTO STOP warning lamp Glowing and Battery getting dischargedd condition due to defective of motor generator assy MGU Internal faulty condition,31639,2/19/2025,2/19/2025
FTIR-17387,0,BALENO,"TOYOTA GLANZA [K12N24R] COMBINATION METER NOT WORKING DUE TO INTERNAL DEFECT IN COMPI METER ASSY, NO MIL - NO DTC [PDS]",18,4/3/2025,10/31/2024
FTIR-17391,18-Dec-20,ERTIGA,Battery Getting Discharged When check for Current leakage found values 0 42 Ampere for more than two minutes The B terminal of the MGU was disconnected and the Current Leakage was Stopped showing 00Ampere on the Multimeter,37392,3/6/2025,3/6/2025
FTIR-17397,27-Mar-21,SWIFT,ABS MALFUCTION INDICATOR AND STEERING WARNING LIGHT REMAINS ON IN CLUSTERMETER CONTINOUSLY WITH HAND BRAKE RELEASED DUE TO OPEN CIRCUIT IN ABS ACTUATOR,17805,4/28/2025,4/28/2025
FTIR-17399,14-Nov-20,XL6,Touch screen not responding due to defective stereo,42419,2/24/2025,2/24/2025
FTIR-17401,2-Dec-20,ERTIGA,SOME TIME BATTERY WARNING LIGHT GLOWING AND A STOP LIGHT BLINKING MGU ASSY,53241,2/28/2025,2/28/2025
FTIR-17408,31-Jan-25,CELERIO,VEHICLE NOT STARTING,12,4/1/2025,3/31/2025
FTIR-17415,30-Nov-23,GRAND,VEHICLE NOT STARTING SOMETIME BATTERY CELL WEAK CHECK WITH TESTER REMARKS COMING TO REPLACE BATTERY SEND TO VENDOR EXIDE FOR FURTHER DIAGNOSIS,19302,3/18/2025,3/18/2025
FTIR-17417,31-Dec-24,SWIFT,that wireless charger not working I phone not charged and charging indication lamp not glow in smart pro system wireless charging option not show charger connector and fuse wiring check found ok No DTC found part du,725,2/9/2025,2/9/2025
FTIR-17421,12-Jan-24,SWIFT,VEHICLE NOT STARTING SOMETIME BATTERY CELL WEAK CHECK WITH TESTER REMARKS COMING TO REPLACE BATTERY SEND TO VENDOR EXIDE FOR FURTHER DIAGNOSIS,33096,2/17/2025,2/17/2025
FTIR-17426,20-Jul-19,ERTIGA,ENGINE NOT STARTING BATTERY GETTING DISCHARGED PROBLEM WITH MGU ASSY,17107,4/11/2025,4/11/2025
FTIR-17444,2-Nov-22,BREZZA,INFORTAINTMENT SYSTEM TOUCH NOT WORKING AND DISPLAY FUNCTIONS AUTOMATICALLY CHANGING WITHOUT MANUAL INTERVENTION,14891,2/22/2025,2/22/2025
FTIR-17455,31-May-23,ERTIGA,engine not starting,39709,3/5/2025,3/5/2025
FTIR-17466,22-Apr-22,VITARA,Reverse alarm not working while engaging gear to reverse due to defect of controller assy park sensor,19441,4/28/2025,4/28/2025
FTIR-17471,29-Jun-23,JIMNY,Back camera not working,18524,4/14/2025,4/14/2025
FTIR-17477,26-Aug-20,S-PRESSO,Reverse alarm not working while engaging gear to reverse due to defect of controller assy park sensor and sensor assy park,18151,4/8/2025,4/8/2025
FTIR-17488,21-Oct-22,BREZZA,INFOTAINMENT TOUCH SCREEN NOT WORKING AND FUNCTIONS AUTOMATICALY WORKING UNIT ASSY DISPLAY AUDIO,11265,3/18/2025,3/18/2025
FTIR-17499,12-Jun-20,ERTIGA,battery getting discharge intermittently is due to the compaint of MGUASSY,31173,2/28/2025,2/28/2025
FTIR-17521,19-Sep-19,XL6,ENGINE NOT STARTING,27822,3/11/2025,3/11/2025
FTIR-17524,24-Jun-24,SWIFT,VEHICLE NOT STARTING SOMETIME BATTERY CELL WEAK CHECK WITH TESTER REMARKS COMING TO REPLACE BATTERY SEND TO VENDOR EXIDE FOR FURTHER DIAGNOSIS,28643,3/23/2025,3/23/2025
FTIR-17537,16-Jul-22,ERTIGA,CUSTOMER VOICE ENGINE NOT STARTING WORKSHOP OBSERVATION DONE,58647,4/21/2025,4/21/2025
FTIR-17547,21-Feb-24,INVICTO,remote not working due to internal failure in remote assy while oerating remote for opening back door suddenly remote getting not workng while multypal use of remote,10850,2/12/2025,2/12/2025
FTIR-17551,31-Aug-21,BALENO,ABS Handbrake Engine MIL ON steering hard,25530,4/17/2025,4/17/2025
FTIR-17554,28-Jan-22,ERTIGA,engine not starting due to mgu assy defect,23715,4/15/2025,4/15/2025
FTIR-17567,19-Jul-24,EECO,engine not starting,6408,3/25/2025,3/25/2025
FTIR-17596,29-Feb-24,BREZZA,AFTER IGNITION ON THEN PRESSED POWER BUTTON INFOTAINMENT INTER MITTENTLY NOT RESPONDING DUE TO INTERNAL SYSTEM FAILURE,17961,3/5/2025,3/5/2025
FTIR-17606,9-Sep-24,ERTIGA,VEHICLE REPORTED TO WORKSHOP FOR ENGINE NOT STARTING CONCERN DUE TO PROBLEM,26287,4/19/2025,4/19/2025
FTIR-17612,20-Jan-21,ERTIGA,customer reported in workshop with auto off not working due to defective lithium ion battery,66784,4/18/2025,4/1/2025
FTIR-17619,23-Dec-20,XL6,ENGINE NOT STARTING AND BATTERY GETTING DISCHARGE DUE TO DIFECTIVE OF MGU ASSY,29274,3/5/2025,3/5/2025
FTIR-17623,19-Feb-24,BREZZA,Engine starting problem and some time engine sudden stopped at running condition due to immobilizer locket and its connector,4156,2/23/2025,2/23/2025
FTIR-17625,26-Mar-19,ERTIGA,ENGINE NOT STARTING AND MAIN BATTERY NOT CHARGING SOME TIME WHILE RUNNING DUE TO INTERNAL DEFECT OF MGU UNIT,46519,2/18/2025,2/18/2025
FTIR-17635,27-Mar-24,SWIFT,ENGINE NOT STARTING DUE BATTERY DEFECTIVE,34992,4/16/2025,4/16/2025
FTIR-17643,8-Jan-21,BALENO,The ABS MIL Lamp Power steering and brake indication lamp glowing due to the defective of ACTUATOR ASSY ABS Internal faulty condition,41415,4/6/2025,4/6/2025
FTIR-17645,23-Oct-19,ERTIGA,BATTERY GETTING DISCHARGED ENGINE NOT STARTING AUTOSTOP WARNING LIGHT GLOWING AND AUTOSTOP NOT WORKING DUE TO FOUND DEFECTIVE PACK ASSY BATTERY,50649,2/1/2025,2/1/2025
FTIR-17656,5-Dec-19,WAGONR,Engine not starting and battery getting discharged due to the defect of generator assy,24949,3/18/2025,3/17/2025
FTIR-17662,30-Jan-19,CIAZ,THE VEHICLE IS NOT STARTING IF UNUSED FOR 3 TO 4 DAYS DUE TO MGU ASSY,18597,3/6/2025,3/6/2025
FTIR-17672,20-Mar-19,ERTIGA,vehicle not starting and battery getting discharge due to the defect of MGU assy,54185,2/25/2025,2/25/2025
FTIR-17698,14-Jan-25,SWIFT,RHS INDICATOR AND HAZARD LIGHT NOT WORKING CONTROLLER ASSY BODY ELECTRICAL TO BE DEFECTIVE,1406,2/10/2025,2/10/2025
FTIR-17711,25-Apr-23,ERTIGA,VEHICLE NOT STARTING SOMETIME BATTERY CELL WEAK CHECK WITH TESTER REMARKS COMING TO REPLACE BATTERY SEND TO VENDOR EXIDE FOR FURTHER DIAGNOSIS,14123,4/10/2025,4/10/2025
FTIR-17725,3-Mar-20,XL6,Customer found vehicle not starting and the battery gets discharged due to defective MGU assy,33717,2/20/2025,2/19/2025
FTIR-17746,,WAGONR,VEHICLE NOT STARTING,10,3/20/2025,3/19/2025
FTIR-17769,21-Feb-20,ERTIGA,ENGINE NOT STARTING AND BATTERY DROPPAGE DUE TO FAULTY MGU ASSY,27405,3/21/2025,3/21/2025
FTIR-17792,4-Mar-23,SWIFT,ENGINE NOT STARTING DUETO DEFECTIVE BATTERY,5924,3/19/2025,3/19/2025
FTIR-17816,0,FRONX,Automatic car head up display not working and defective part in the display head up assy,8,4/3/2025,4/3/2025
FTIR-17819,9-Sep-23,SWIFT,Vehicle not starting due to defective ECM,18983,3/5/2025,3/5/2025
FTIR-17854,26-Sep-19,XL6,Customer found vehicle not starting and the battery gets discharged due to defective MGU assy,23473,4/10/2025,4/9/2025
FTIR-17868,13-Dec-23,JIMNY,VEHICLE NOT STARTING DUE TO BATTERY GETTING DISCHARGE AND BATTERY ASSY FOUND DEFECTIVE,6476,4/12/2025,4/12/2025
FTIR-17870,28-Sep-24,SWIFT,VEHICLE NOT STARTING SOMETIME BATTERY CELL WEAK CHECK WITH TESTER REMARKS COMING TO REPLACE BATTERY SEND TO VENDOR AMARON FOR FURTHER DIAGNOSIS,22700,3/1/2025,3/1/2025
FTIR-17873,15-Feb-24,BALENO,Suzuki connect speed limit alert notifications not working,44856,3/7/2025,3/6/2025
FTIR-17889,9-Feb-24,GRAND,Vehicle While Running Engine Suddenly Stopped And Ignition on Engine Not Starting We Checked through The help of our Technician And The Defect occur in Exide Battery,6976,3/5/2025,3/5/2025
FTIR-17901,22-Feb-23,CELERIO,engine not starting,20825,2/25/2025,2/24/2025
FTIR-17907,30-Nov-22,GRAND,"URBAN CRUISER HYRYDER (FGB1292) WIRELESS ANDROID AUTO NOT WORKING DUE TO FAULTY RECEIVER ASSY, RADIO & DISPLAY.",34393,4/3/2025,12/29/2024
FTIR-17922,0,FRONX,ENGINE NOT STARTING,15,2/19/2025,2/19/2025
FTIR-17934,24-Oct-19,ERTIGA,ENGINE NOT STARTING AND BATTERY GETTING DISCHARGE DUE TO DIFECTIVE OF MGU ASSY,79039,4/1/2025,4/1/2025
FTIR-17950,18-Dec-23,BALENO,vehicle not starting battery getting discharged,23387,3/20/2025,3/20/2025
FTIR-17981,22-Apr-23,BREZZA,SHVS NOT WORKING AND A OFF LIGHT BLINKING AND FAULTY LITHIUM ION BATTERY,3406,3/12/2025,3/12/2025
FTIR-17995,29-Aug-20,SWIFT,MIL AND ABS WARNING LIGHT GLOWING AND POWER STEERING NOT WORKING DEFFECTIVE PART ACTUATOR ASSY ABS,29336,4/5/2025,4/5/2025
FTIR-18019,8-Oct-24,WAGONR,ENGINE NOT STARTING DUE BATTERY DEFECTIVE,37544,4/19/2025,4/19/2025
FTIR-18021,17-Dec-21,ERTIGA,ENGINE NOT STARTING SOMETIME AND RUNNING TIME BATTERY LIGHT AND AOFF LIGHT BLINKING AND INTEGRATED STARTER GENERATOR DEFECT,31108,3/21/2025,3/21/2025
FTIR-18036,14-Oct-20,WAGONR,VEHICLE NOT STARTING PROBLEM SOME TIME BATTERY CELL WEAK CHECK WITH TESTER REMARK COMING TO REPLECE BATTERY SEND TO VENDOR AMARON FOR FURTHER DIGNOSIS,6862,2/17/2025,2/17/2025
FTIR-18039,44251,XL6,Customer found vehicle not starting and the battery gets discharged due to defective MGU assy,46955,3/18/2025,3/17/2025
FTIR-18043,23-Aug-23,WAGONR,reverse alarm not working due to controller assy park sensor defective,19698,4/9/2025,4/9/2025
FTIR-18054,16-Feb-24,INVICTO,ENGINE NOT STARTING AND BATTERY CELL FOUND WEAK AND DEFECTIVE,13524,4/26/2025,4/26/2025
FTIR-18059,8-Aug-21,Vitara,"After updating the software version Q-220811 to the 9-inch navigation system for the Wagon R Smile (YT3), the map no longer displays.",8267,4/10/2025,2/20/2025
FTIR-18070,31-Jan-19,CIAZ,battery getting discharge intermittently is due to the compaint of MGUASSY,48186,3/19/2025,3/19/2025
FTIR-18082,31-Dec-24,BALENO,ABS Parking Brake and Traction Control warning lights were glowing on the speedometer due to defective actuator assy abs,10495,4/26/2025,4/26/2025
FTIR-18089,18-Mar-23,GRAND,WIRELESS CHARGER NOT WORKING SOMETIME,37960,2/23/2025,2/23/2025
FTIR-18102,9-Mar-21,ALTO,REVERSE PARK SENSOR NOT WORKING DUE TO FAULTY CONTROLLER ASSYPARK SNSR,23895,4/21/2025,4/21/2025
FTIR-18108,44550,ERTIGA,BATTERY GETTING DISCHARGED ENGINE NOT STARTING DUE TO MGU UNIT DEFECTIVE,21760,2/22/2025,2/22/2025
FTIR-18118,28-Dec-18,CIAZ,Vehicle not starting after parking for three days due to the defect of MGU unit,29051,3/28/2025,3/28/2025
FTIR-18144,0,SWIFT,Vehicle not starting and battery got discharging in PDI vehicle,5,4/15/2025,4/15/2025
FTIR-18168,29-Sep-21,S-PRESSO,abs indication on and brake not effective suspected part abs actuator assy,45145,3/1/2025,2/27/2025
FTIR-18181,20-Sep-22,BALENO,Music system sometime automatic touch and touch not working,10136,2/28/2025,2/27/2025
FTIR-18206,29-Mar-23,GRAND,VEHICLE REPORTED FOR NOISE FROM ABS CONTROLLER FRONT AND BATTERY GETTING DISCHARGE VEHICLE NOT STARTING AFTER CHECK FOUND NOISE FROM ABS ACTUATOR AND DTC IN CURRENT C116107 AND P1B9000 P1BA300 P1BB300,36356,2/1/2025,1/31/2025
FTIR-18208,14-Nov-22,SWIFT,Vehicle reported at workshop for issue FM Android auto Suzuki Connect Bluetooth Automatically disconnected in vehicle running condition software version not update not working defect inside Harman music system,30260,4/9/2025,4/9/2025
FTIR-18210,45283,GRAND,controller assy data commu not working,3979,2/13/2025,2/13/2025
FTIR-18217,29-Nov-24,BREZZA,Vehicle not starting while starting the vehicle,2481,3/26/2025,3/26/2025
FTIR-18238,8-May-19,ERTIGA,ENGINE NOT STARTING WHEN VEHICLE PARKED FOR 4 OR MORE DAYS MGU ASSY TO BE DEFECTIVE,54085,4/12/2025,4/12/2025
FTIR-18242,31-Dec-22,CIAZ,Battery Getting Discharged When check for Current leakage found values 041 Ampere for more than two minutes The B terminal of the MGU was disconnected and the Current Leakage was Stopped showing 00Ampere on the Multimeter C,1469,3/19/2025,3/19/2025
FTIR-18260,9-Jul-22,CIAZ,vehicle not starting,15410,3/26/2025,3/6/2025
FTIR-18283,16-May-19,ERTIGA,Vehicle received with the complaint of vehicle not starting intermediately and battery getting discharged due to defect of MGU assy,19704,2/19/2025,2/19/2025
FTIR-18296,27-Mar-23,BALENO,power steering not working and warning light glowing due to ACTUATOR ASSYESP defective,16211,3/29/2025,3/29/2025
FTIR-18297,10-Jan-23,GRAND,Stereo touch screen not responding intermittently due to defective stereo assy,19275,4/5/2025,4/5/2025
FTIR-18328,29-Dec-22,GRAND,INFOTAINMENT BLUETOOTH NOT WORKING IN MARUTI GRAND VITARA SMART HYBRID DELTA 15L 5MT DUE TO MANUFACTURING DEFECT,21360,3/9/2025,3/8/2025
FTIR-18371,13-Dec-24,GRAND,wireless charger not working due to charger assy,1739,2/6/2025,2/6/2025
FTIR-18386,22-Feb-24,GRAND,"Radio screen freezing, inoperable, not responding to touch input - Urban Cruiser 1.5 XR",19501,2/19/2025,1/31/2025
FTIR-18446,14-Jun-22,XL6,WE RECEIVED A VEHICLE WITH COMPLAINT NOISE 360 DEGREES CAMERA NOT WORKING,35567,4/15/2025,4/15/2025
FTIR-18512,26-Mar-25,XL6,A STOP Warning lamp glowing We have checked SDT in the vehicle DTC code was P1BB200 Auxiliary power module low state of charge current so Lithium Ion Battery needs to be replace,35,4/9/2025,4/9/2025
FTIR-18552,18-Jan-25,GRAND,unable to login in suzuki connect,1305,4/1/2025,4/1/2025
FTIR-18555,24-Aug-24,BALENO,RRH window regulator not responding.,985,3/18/2025,1/27/2025
FTIR-18568,3-Feb-23,XL6,Some area Touch screen not responding due to defective Display Audio Unit Assy,21274,4/22/2025,4/22/2025
FTIR-18587,27-Sep-20,S-PRESSO,Touch screen not responding in some portions of the led display due to the inside defect of Tuner assy,22998,2/18/2025,2/18/2025
FTIR-18599,28-Feb-24,WAGONR,VEHICLE REPORTED TO WORKSHOP FOR ENGINE NOT STARTING CONCERN DUE TO PROBLEM WITH BATTERY,12520,4/19/2025,4/19/2025
FTIR-18603,28-Jun-19,CIAZ,Vehicle not starting after parking for three days due to the defect of MGU unit,34335,3/3/2025,3/3/2025
FTIR-18643,23-Apr-21,ERTIGA,Engine not Starting Not Cranking due to Auxiliary Module defective,4198,3/1/2025,3/1/2025
FTIR-18647,29-Dec-23,CELERIO,engine not starting due to defective Battery,5041,4/25/2025,4/25/2025
FTIR-18650,20-Nov-24,GRAND,CENTER LOCKING SIREN NOT WORKING LOCKING TIME DUE TO DEFECTIVE CONTROLLER SET BODY ELECTRICAL,11567,4/16/2025,4/15/2025
FTIR-18653,45366,SWIFT,REVERSE ALARM NOT WORKING AND PARKING CONTROLLER SENSOR ASSY,5593,4/3/2025,4/3/2025
FTIR-18659,28-Mar-25,FRONX,FOUND PDI VEHICLE ENGINE NOT STARTING DUE TO EXIDE BATTERY DEFECTIVE,30,4/19/2025,4/19/2025
FTIR-18671,7-Mar-20,ERTIGA,Engine not starting sometimes due to voltage drop in primary battery due to defective MGU unit,7662,4/19/2025,4/19/2025
FTIR-18684,30-Nov-24,GRAND,Wireless charger not working after some running due to wireless charger is defective,6651,4/19/2025,4/19/2025
FTIR-18698,44498,SWIFT,Steering is hard with glowing of ABS MIL POWER STEERING BRAKE SYSTEM warning light due to defective of ABS actuator assy,32679,3/21/2025,3/20/2025
FTIR-18702,27-Aug-20,ALTO,reverse alarm not working due to defective contorller assy park sensor and sensor assy park,21599,3/6/2025,3/6/2025
FTIR-18729,11-Feb-21,ERTIGA,battery getting discharge intermittently is due to the compaint of MGUASSY,45750,3/3/2025,3/3/2025
FTIR-18733,29-Aug-24,WAGONR,White Smoke emitting from the vehicle and vehicle not starting,1055,2/24/2025,2/15/2025
FTIR-18749,44596,ERTIGA,ENGINE NOT STARTING,74130,4/10/2025,4/10/2025
FTIR-18750,45008,WAGONR,brake jam frt wheel abs actuator assy,59692,3/26/2025,3/26/2025
FTIR-18752,31-Jan-22,VITARA,Battery getting discharged Engine not starting due to mgu unit,15874,2/19/2025,2/19/2025
FTIR-18766,23-Oct-23,FRONX,"A3L415-CONTROLLER ASSY, CAMERA FAUILURE-360 VIEW CAMERAS NOT WORKING-MBHKWDA3S00143667-25B1898",25476,3/30/2025,2/4/2025
FTIR-18790,31-Mar-21,S-PRESSO,Vehicle not starting and battery getting discharged due to defective MGU assy,8972,2/11/2025,2/11/2025
FTIR-18818,30-May-20,ERTIGA,Engine not starting sometimes due to voltage drop in primary battery due to defective MGU unit,21525,2/19/2025,2/19/2025
FTIR-18826,7-Sep-21,BALENO,WARNING LIGHTS GLOWN AND STEERING MOVEMENT HARD ALSO SPEEDOMETER NOT WORKING AS PER CURRENT DTC WITH THE HELP OF RO TEAM WE DIAGNOSTIC THAT THE ACTUATOR ASSY ABS IS DEFECTIVE,3600,2/28/2025,2/28/2025
FTIR-18839,14-Jun-23,SWIFT,VEHICLE REPORTED WORKSHOP FOR ENGINE NOT STARTING CONCERN DUE TO PROBLEM WITH BATTERY,87820,4/17/2025,4/17/2025
FTIR-18846,28-Sep-19,CIAZ,VEHICLE REPORTED HERE WITH COMPLAINT OF ENGINE NOT STARTING DUE TO BATTERY DOWN WE CHECKED AND FOUND BATTERY FULLY DISCHARGED DUE TO CURRENT LEAKAGE FROM MGU,24698,3/10/2025,3/10/2025
FTIR-18876,19-Aug-23,CELERIO,VEHICLE NOT STARTING SOMETIME BATTERY CELL WEAK CHECK WITH TESTER REMARKS COMING TO REPLACE BATTERY SEND TO VENDOR AMARON FOR FURTHER DIAGNOSIS,39516,3/1/2025,3/1/2025
FTIR-18942,23-Aug-24,WAGONR,ABS LIGHT GLOWING MIL LIGHT GLOWING AND AUTO STOP LIGHT BLINKING,3205,3/10/2025,3/10/2025
FTIR-18965,20-Jul-23,WAGONR,ENGINE NOT STARTING DUE TO BATTERY IS DEFECTIVE,36551,4/25/2025,4/25/2025
FTIR-18980,29-Jan-24,BREZZA,Vehicle not starting and battery got discharging due to battery found defective,12176,3/19/2025,3/19/2025
FTIR-18994,16-Mar-20,WAGONR,AFTER AUDIO SYSTEM ON WHILE SCROLL THIS SYSTEM BY TOUCH BUT TOUCHSCREEN NOT RESPONDING PROPERLY,7508,3/9/2025,3/9/2025
FTIR-19004,22-Apr-23,BREZZA,SHVS NOT WORKING AND A OFF LIGHT BLINKING AND FAULTY LITHIUM ION BATTERY,3377,2/15/2025,2/13/2025
FTIR-19008,23-Feb-24,GRAND,infotainment system hanging sometimes cannot working through steering control switch Bluetooth cant connect some time fm also not working display show audio offit is intermittent issue,16204,4/26/2025,4/26/2025
FTIR-19010,15-May-20,BALENO,infotainment system touch not working and infotainment system defective,36001,4/4/2025,4/4/2025
FTIR-19011,28-Apr-22,BALENO,360 degre camera not working,36132,2/22/2025,2/22/2025
FTIR-19014,27-Nov-20,ERTIGA,ENGINE NOT STARTING WHEN VEHICLE PARKED FOR 4 OR MORE DAYS MGU ASSY TO BE DEFECTIVE,24183,2/14/2025,2/14/2025
FTIR-19016,11-Mar-20,ERTIGA,The AUTO STOP warning lamp Glowing and Battery getting dischargedd condition due to defective of motor generator assy MGU Internal faulty condition,18228,3/5/2025,2/24/2025
FTIR-19017,17-Dec-22,ALTO,Engine not starting due to defective battery,71970,3/6/2025,3/6/2025
FTIR-19021,2-May-22,XL6,360 CAMERA NOT WORKING,31866,3/6/2025,3/6/2025
FTIR-19034,12-Dec-22,ALTO,ABS BRAKE NOT WORKING DUE TO ACTUATOR ASSY ABS NOT WORKING,29873,4/25/2025,4/25/2025
FTIR-19035,20-Jul-23,GRAND,"HYRYDER [FG221XD] AUTOSTOP WARNING LAMP GLOWING IN CLUSTER AND BATTERY NOT CHARGING DUE TO DEFECETIVE MOTOR ASSY, HV STARTER GENERATER DTC-P0A7D-00",19511,3/19/2025,2/15/2025
FTIR-19086,13-Dec-23,GRAND,Wireless charger not working properly,25042,4/22/2025,4/22/2025
FTIR-19091,8-Jun-23,ERTIGA,ENGINE NOT STARTING,82320,2/19/2025,2/19/2025
FTIR-19100,25-Jan-19,ERTIGA,repeated battery drain and engine not starting due to Current drain in MGU,25906,3/10/2025,3/10/2025
FTIR-19101,24-Feb-23,BREZZA,REVERS CAMERA NOT WORKING DUE TO FAULTY CAMERA ASSY,49425,4/10/2025,4/10/2025
FTIR-19105,10-Dec-24,SWIFT,ENGINE NOT STARTING DUE TO FUEL INJECTOR PROBLEM,6574,3/7/2025,3/7/2025
FTIR-19107,27-Dec-18,ERTIGA,Vehicle not starting Due to MGU unit Failure,56636,2/11/2025,2/11/2025
FTIR-19109,7-Mar-24,BREZZA,REVERSE CAMERA NOT WORKING PROPERLY FOUND CAMERA INTERNAL FAULT,11886,2/24/2025,2/24/2025
FTIR-19112,18-Sep-20,S-PRESSO,Engine not starting on applying self sometimes due to starting motor Assy defective inside the unit,26987,3/15/2025,3/15/2025
FTIR-19116,29-Aug-20,VITARA,REV ALARM NOT WORKING DUE TO CONTROLLER ASSY DEFECTIVE,78498,3/25/2025,3/25/2025
FTIR-19138,10-Dec-24,GRAND,rpm fluctuation with dtc p0123,971,3/6/2025,3/6/2025
FTIR-19142,10-Oct-22,WAGONR,Engine not starting,17301,4/4/2025,4/4/2025
FTIR-19148,21-Oct-22,BREZZA,INFOTAINMENT TOUCH SCREEN NOT WORKING AND FUNCTIONS AUTOMATICALY WORKING UNIT ASSY DISPLAY AUDIO,11265,3/18/2025,3/18/2025
FTIR-19154,30-Dec-20,WAGONR,ENGINE NOT STARTING AND BATTERY LIGHT GLOWING ON SPEEDOMETER DUE TO INTERNAL DEFECT OF GENERATOR ASSY,12017,2/6/2025,2/6/2025
FTIR-19163,11-Jun-20,ALTO,REVERSE PARK SENSOR NOT WORKING DUE TO FAULTY BOTH SENSOR ASSYPARK,20362,4/16/2025,4/16/2025
FTIR-19172,2-Jun-18,SWIFT,vehicle suddenly stopped while running and engine not starting after the incident due to deffective fuel pump assy,167995,3/5/2025,3/5/2025
FTIR-19173,29-Jan-21,ERTIGA,engine not starting Defective part is MGU assy,13948,2/20/2025,2/20/2025
FTIR-19177,20-Nov-20,SWIFT,ENGINE NOT STARTING DUE TO MOTOR ASSY STARTING DEFACTIVE,92510,2/19/2025,2/19/2025
FTIR-19194,7-Mar-21,SWIFT,Vehicle Running Time Gear Not Working Checked and Found DTC P184A Showing We Have Checked nad Found AMT Unit Leakage,47135,2/11/2025,2/11/2025
FTIR-19197,18-Jul-23,BALENO,engine not starting some times,15664,4/16/2025,4/16/2025
FTIR-19199,6-Dec-21,SWIFT,Central lock function not working due to BCM defective,57196,2/7/2025,2/7/2025
FTIR-19202,25-Feb-25,SWIFT,VEHICLE NOT STARTING DUE TO DEFECTIVE BATTERY ASSEMBLY,1615,4/17/2025,4/17/2025
FTIR-19204,29-Jul-24,WAGONR,engine not starting,45481,3/24/2025,3/24/2025
FTIR-19205,29-Jun-21,XL6,Vehicle not starting after parking for three days due to the defect of MGU unit,32820,2/18/2025,2/18/2025
FTIR-19208,28-Jan-25,XL6,vehicle not starting due to battery getting discharge,993,3/4/2025,3/4/2025
FTIR-19219,30-Mar-22,ALTO,vehicle not starting,49902,2/20/2025,2/20/2025
FTIR-19227,7-Aug-21,BALENO,complaint regarding engine not starting defective part is PUMP ASSY FUEL,14950,3/3/2025,3/3/2025
FTIR-19240,28-Feb-25,SUPER CARRY ,KEY WARNING LIGHT GLOWING CONTIUOUSLY DUE TO STEERING LOCK SET DEFECTIVE,9,2/5/2025,2/5/2025
FTIR-19243,4-Sep-24,SWIFT,ENGINE NOT STARTING DUE TO DEFECTIVE IN INJECTOR ASSYFUEL,15174,3/18/2025,3/18/2025
FTIR-19256,18-Jul-24,GRAND,SUZUKI CONNECT NOT WORKING ALL TIME DCM,2680,2/6/2025,2/5/2025
FTIR-19264,7-Nov-23,BALENO,ENGINE NOT STARTING,19239,4/11/2025,4/11/2025
FTIR-19271,3-Oct-24,BREZZA,FRONT BUMPER LHS PAINT AUTOMATIC CRACK PROBLEM,6510,3/24/2025,3/24/2025
FTIR-19275,31-Dec-23,EECO,VEHICLE NOT STARTING IN PETROL MODE,36743,2/12/2025,2/12/2025
FTIR-19276,0,BALENO,AGS warring light glowing Gears not engage and engine not starting Due to AGS valve body stork Auto gear shift actuator unit,27,2/26/2025,2/26/2025
FTIR-19278,29-Feb-24,SWIFT,VEHICLE NOT STARTING SOMETIME BATTERY CELL WEAK CHECK WITH TESTER REMARKS COMING TO REPLACE BATTERY SEND TO VENDOR EXIDE FOR FURTHER DIAGNOSIS,4451,4/10/2025,4/10/2025
FTIR-19280,25-Jan-21,CIAZ,AS PER CUSTOMER VOICE AUTO STOP LIGHT BLINKING AND SOME TIME ENGINE NOT START THEN CHECK AND FOUND DTC CODE P1379 AUXILIARY POWER MODULE LOW STATE OF CHARGE,19963,4/21/2025,4/21/2025
FTIR-19294,12-Mar-24,BREZZA,VEHICLE REPORTED TO WORKSHOP FOR ENGINE NOT STARTING CONCERN DUE TO PROBLEM WITH BATTERY,28482,4/26/2025,4/26/2025
FTIR-19295,30-Oct-23,BREZZA,ENGINE NOT STARTING DUE TO BATTERY GETTING DISCHARGED,23723,3/25/2025,3/25/2025
FTIR-19302,7-Nov-24,SWIFT,During inspection found vehicle not starting due to defective Amaron battery,6923,2/19/2025,2/19/2025
FTIR-19304,12-Dec-19,ERTIGA,Battery Getting Discharging and Engine not starting due to defective mgu assy,51867,4/23/2025,4/23/2025
FTIR-19307,18-Dec-21,ERTIGA,ENGINE NOT STARTING WHEN VEHICLE PARKED FOR 4 OR MORE DAYS MGU ASSY TO BE DEFECTIVE,29708,4/8/2025,4/8/2025
FTIR-19314,24-Jul-24,CELERIO,Vehicle towed to workshop for Vehicle not starting and gear not engaging due to Defective part is Engine wiring harness assembly,2347,4/22/2025,4/22/2025
FTIR-19318,6-Nov-21,ERTIGA,ENGINE NOT STARTING CHECKED AND FOUND SELF MOTOR DEFECTIVE,35055,2/7/2025,2/7/2025
FTIR-19335,17-Aug-22,WAGONR,ac not working due to ac compressor defective,36005,4/28/2025,4/28/2025
FTIR-19338,28-Feb-25,SUPER CARRY ,KEY WARNING LIGHT GLOWING CONTIUOUSLY DUE TO STEERING LOCK SET DEFECTIVE,10,3/1/2025,3/1/2025
FTIR-19340,45239,GRAND,CUSTOMER CONCERN ENGINE VIBERATION AND BODY VIBERATION AND WORKSHOP OBSERVED ENGINE START AND FOUND BODY VIBERATION AND FOUND FRONT RH ENGINE MOUNTING RUBBER SOFT AND RUBBER CRACK SO INTERNAL FAILURE AND DEFECTIVE,18439,2/18/2025,2/18/2025
FTIR-19348,8-Aug-21,S-PRESSO,REVERSE PARK SENSOR NOT WORKING DUE TO FAULTY BOTH SENSOR ASSYPARK,20421,2/20/2025,2/20/2025
FTIR-19353,26-Sep-23,BALENO,ENGINE GET LATE START DEFECT OF FUEL INJECTOR,43607,2/18/2025,2/8/2025
FTIR-19360,13-Apr-22,SWIFT,VEHICLE LATE STARTING,70807,3/8/2025,2/27/2025
FTIR-19362,30-Jan-21,ALTO,REVERSE PARK SENSOR NOT WORKING DUE TO FAULTY BOTH SENSOR ASSYPARK,23414,4/8/2025,4/8/2025
FTIR-19368,10-Oct-24,WAGONR,VEHICLE NOT STARTING STARTER MOTOR FAILURE,15394,3/7/2025,3/6/2025
FTIR-19382,10-Aug-23,BREZZA,ENGINE NOT STARTING DUE TO BATTERY CELL DAMAGE,38565,3/1/2025,3/1/2025
FTIR-19387,24-May-22,VITARA,REVERSE ALARM NOT WORKING DUE TO DEFECTIVE PARK SENSOR ASSY,18158,2/18/2025,2/18/2025
FTIR-19388,21-Mar-25,ERTIGA,ENGINE NOT STARTING DUE TO STARTER MOTOR NOT WORKING,1660,4/21/2025,4/21/2025
FTIR-19389,22-Dec-20,XL6,VEHICLE NOT STARTING BATTERY CURRENT LEAKAGE DUE TO INTERNAL DEFECT IN MGU,49829,2/6/2025,2/6/2025
